city,year,controller,trial,seed,adoption,arrivals,exited,remaining,wait_seconds_per_injected_vehicle,delay_vehicle_seconds,co2_kg,nox_g,fuel_l,annual_co2_kg,annual_nox_g,congestion_proxy_percent,mean_freeflow_proxy_seconds
Fremont,2025,Fixed-Time,0,41000,,175973,175667.82366180996,305.17633814051226,66.29864105202631,11666770.761848226,492.59698772247964,609.2646953409629,207.40925798841292,123149.2469306199,152316.17383524074,282.88173411394496,23.436875929684867
Fremont,2025,Local-Greedy,0,41000,,175973,175694.05961551776,278.9403844500666,50.16240510732961,8827228.913952114,372.7052208113119,460.9775099508326,156.92851402581536,93176.30520282798,115244.37748770815,214.03196082031783,23.436875929684867
Fremont,2025,SA-QUBO,0,41000,0,175973,175667.82366180996,305.17633814051226,66.29864105202631,11666770.761848226,492.59698772247964,609.2646953409629,207.40925798841292,123149.2469306199,152316.17383524074,282.88173411394496,23.436875929684867
Fremont,2025,Fixed-Time,1,41001,,168063,167761.12931250958,301.87068744583667,66.91633920657983,11246160.716075428,474.8378969009621,587.2995040617168,199.93174606356317,118709.47422524053,146824.8760154292,285.5173164176903,23.436875929684867
Fremont,2025,Local-Greedy,1,41001,,168063,167787.45179588412,275.5482040806783,49.74225987266936,8359833.42098043,352.9707444413968,436.56907865120024,148.61926081742988,88242.6861103492,109142.26966280006,212.23929341907896,23.436875929684867
Fremont,2025,SA-QUBO,1,41001,0,168063,167761.12931250958,301.87068744583667,66.91633920657983,11246160.716075428,474.8378969009621,587.2995040617168,199.93174606356317,118709.47422524053,146824.8760154292,285.5173164176903,23.436875929684867
Fremont,2025,Fixed-Time,2,41002,,173833,173537.3131790326,295.6868209179267,61.141818193776714,10628465.682078788,448.7574399099919,555.0420967307812,188.95050101473402,112189.35997749797,138760.52418269528,260.87870404406254,23.436875929684867
Fremont,2025,Local-Greedy,2,41002,,173833,173545.67881946283,287.32118050635785,49.98064443327654,8688285.36376976,366.8387153591669,453.72156899686524,154.45840646701797,91709.67883979173,113430.39224921631,213.25642796091117,23.436875929684867
Fremont,2025,SA-QUBO,2,41002,0,173833,173537.3131790326,295.6868209179267,61.141818193776714,10628465.682078788,448.7574399099919,555.0420967307812,188.95050101473402,112189.35997749797,138760.52418269528,260.87870404406254,23.436875929684867
Fremont,2025,Fixed-Time,3,41003,,172307,172017.77992303603,289.22007691637106,59.3906504365553,10233424.804771533,432.0779362014648,534.4121842491801,181.92755208482728,108019.4840503662,133603.04606229503,253.4068559936856,23.436875929684867
Fremont,2025,Local-Greedy,3,41003,,172307,172036.09250310305,270.90749685869713,49.83209242126924,8586418.348831639,362.53766361733506,448.4018471056522,152.64743731256246,90634.41590433376,112100.46177641305,212.62258916578773,23.436875929684867
Fremont,2025,SA-QUBO,3,41003,0,172307,172017.77992303603,289.22007691637106,59.3906504365553,10233424.804771533,432.0779362014648,534.4121842491801,181.92755208482728,108019.4840503662,133603.04606229503,253.4068559936856,23.436875929684867
Fremont,2025,Fixed-Time,4,41004,,182603,182279.90415566522,323.0958442831213,63.56933753880785,11607951.74259893,490.11351802084374,606.193035446833,206.3635865350921,122528.37950521093,151548.25886170825,271.23639571045254,23.436875929684867
Fremont,2025,Local-Greedy,4,41004,,182603,182296.79540177537,306.2045981858602,50.42763093357583,9208236.691363746,388.7922158575807,480.8745827712179,163.70198562424437,97198.05396439518,120218.64569280448,215.16362114502124,23.436875929684867
Fremont,2025,SA-QUBO,4,41004,0,182603,182279.90415566522,323.0958442831213,63.56933753880785,11607951.74259893,490.11351802084374,606.193035446833,206.3635865350921,122528.37950521093,151548.25886170825,271.23639571045254,23.436875929684867
Fremont,2025,Fixed-Time,5,41005,,170874,170593.75033515805,280.24966479151317,62.49313981126419,10678452.772109957,450.8680059335311,557.6525336546312,189.83916039306592,112717.00148338277,139413.13341365778,266.644496471098,23.436875929684867
Fremont,2025,Local-Greedy,5,41005,,170874,170604.91490384963,269.0850961141972,49.95501051232757,8536012.466283461,360.4094152430798,445.7695399059141,151.7513327339282,90102.35381076996,111442.38497647853,213.14705365255253,23.436875929684867
Fremont,2025,SA-QUBO,5,41005,0,170874,170593.75033515805,280.24966479151317,62.49313981126419,10678452.772109957,450.8680059335311,557.6525336546312,189.83916039306592,112717.00148338277,139413.13341365778,266.644496471098,23.436875929684867
Fremont,2025,Fixed-Time,6,41006,,174321,174043.11039042287,277.8896095325619,61.88631540842228,10788084.38831158,455.4968963953783,563.3777402784937,191.78816690331698,113874.22409884458,140844.4350696234,264.0553100767061,23.436875929684867
Fremont,2025,Local-Greedy,6,41006,,174321,174059.6341865897,261.36581337394944,50.24426688566149,8758630.847775396,369.80885801718426,457.3951664949373,155.70899284934038,92452.21450429606,114348.79162373433,214.38124704164477,23.436875929684867
Fremont,2025,SA-QUBO,6,41006,0,174321,174043.11039042287,277.8896095325619,61.88631540842228,10788084.38831158,455.4968963953783,563.3777402784937,191.78816690331698,113874.22409884458,140844.4350696234,264.0553100767061,23.436875929684867
Fremont,2025,Fixed-Time,7,41007,,173549,173250.98102008956,298.0189798620296,68.45125994470244,11879647.712143164,501.58512562382333,620.3816027452541,211.19373710476737,125396.28140595583,155095.40068631351,292.06648595175136,23.436875929684867
Fremont,2025,Local-Greedy,7,41007,,173549,173271.6341203079,277.3658796533588,49.98163824474303,8674263.335736908,366.24667417555884,452.98930753292746,154.20912596865617,91561.66854388971,113247.32688323186,213.26066833607666,23.436875929684867
Fremont,2025,SA-QUBO,7,41007,0,173549,173250.98102008956,298.0189798620296,68.45125994470244,11879647.712143164,501.58512562382333,620.3816027452541,211.19373710476737,125396.28140595583,155095.40068631351,292.06648595175136,23.436875929684867
Fremont,2025,Fixed-Time,8,41008,,174490,174187.1975100533,302.8024899020449,56.623436708519634,9880223.47126959,417.1649910091612,515.9672257218564,175.64841726701493,104291.2477522903,128991.8064304641,241.59976303326786,23.436875929684867
Fremont,2025,Local-Greedy,8,41008,,174490,174203.35658330083,286.6434166647538,49.8848241440971,8704402.964903504,367.51923629592574,454.5632659449608,154.74494159828453,91879.80907398144,113640.8164862402,212.84758384078648,23.436875929684867
Fremont,2025,SA-QUBO,8,41008,0,174490,174187.1975100533,302.8024899020449,56.623436708519634,9880223.47126959,417.1649910091612,515.9672257218564,175.64841726701493,104291.2477522903,128991.8064304641,241.59976303326786,23.436875929684867
Fremont,2025,Fixed-Time,9,41009,,174454,174190.24826163764,263.7517383133577,54.71536407941658,9545314.12511054,403.02437417133325,498.47751542243935,169.6944733352985,100756.09354283332,124619.37885560984,233.45843636998887,23.436875929684867
Fremont,2025,Local-Greedy,9,41009,,174454,174209.97154252243,244.02845744020127,49.89392535977349,8704194.854713924,367.5104494212537,454.5523979683938,154.74124186158087,91877.61235531344,113638.09949209845,212.88641672834234,23.436875929684867
Fremont,2025,SA-QUBO,9,41009,0,174454,174190.24826163764,263.7517383133577,54.71536407941658,9545314.12511054,403.02437417133325,498.47751542243935,169.6944733352985,100756.09354283332,124619.37885560984,233.45843636998887,23.436875929684867
Fremont,2026,Fixed-Time,0,41000,,179480,179168.48129701597,311.5187029380695,76.19692160854562,13675823.49030177,577.423658479408,714.1818933824258,243.12575093869813,144355.914619852,178545.47334560644,325.1155223808456,23.436875929684867
Fremont,2026,Local-Greedy,0,41000,,179480,179189.61429149096,290.3857084722085,50.24402099991742,9017796.889065178,380.75142420497485,470.929393095626,160.3163891389365,95187.85605124371,117732.3482739065,214.38019790120126,23.436875929684867
Fremont,2026,SA-QUBO,0,41000,0,179480,179168.48129701597,311.5187029380695,76.19692160854562,13675823.49030177,577.423658479408,714.1818933824258,243.12575093869813,144355.914619852,178545.47334560644,325.1155223808456,23.436875929684867
Fremont,2026,Fixed-Time,1,41001,,171390,171111.4173999211,278.5826000334789,66.47296686552593,11392801.79108249,481.0294089568163,594.9574268676412,202.53869850813317,120257.35223920408,148739.3567169103,283.6255440569708,23.436875929684867
Fremont,2026,Local-Greedy,1,41001,,171390,171139.86394190908,250.13605806026794,49.87350856084765,8547820.632243678,360.90798225028936,446.3861885727254,151.96125568433206,90226.99556257234,111596.54714318135,212.7993027333411,23.436875929684867
Fremont,2026,SA-QUBO,1,41001,0,171390,171111.4173999211,278.5826000334789,66.47296686552593,11392801.79108249,481.0294089568163,594.9574268676412,202.53869850813317,120257.35223920408,148739.3567169103,283.6255440569708,23.436875929684867
Fremont,2026,Fixed-Time,2,41002,,177138,176861.8753966129,276.12460333655395,63.32767610134916,11217737.889240788,473.63782199016583,585.8152008825745,199.4264513642807,118409.45549754146,146453.8002206436,270.2052794550962,23.436875929684867
Fremont,2026,Local-Greedy,2,41002,,177138,176865.5065269426,272.49347302157486,49.990256612724046,8855174.075864712,373.88512764762066,462.4368684062683,157.42531690426154,93471.28191190517,115609.21710156708,213.29744101860854,23.436875929684867
Fremont,2026,SA-QUBO,2,41002,0,177138,176861.8753966129,276.12460333655395,63.32767610134916,11217737.889240788,473.63782199016583,585.8152008825745,199.4264513642807,118409.45549754146,146453.8002206436,270.2052794550962,23.436875929684867
Fremont,2026,Fixed-Time,3,41003,,175585,175283.40145728603,301.59854266426623,63.86775509612,11214219.77855223,473.4892795388723,585.6314773243943,199.36390717426187,118372.31988471808,146407.86933109857,272.5096778586683,23.436875929684867
Fremont,2026,Local-Greedy,3,41003,,175585,175299.97008719642,285.0299127679681,50.20782243093797,8815740.501536245,372.2201545093077,460.3775595246706,156.72427558286657,93055.03862732693,115094.38988116765,214.2257465609798,23.436875929684867
Fremont,2026,SA-QUBO,3,41003,0,175585,175283.40145728603,301.59854266426623,63.86775509612,11214219.77855223,473.4892795388723,585.6314773243943,199.36390717426187,118372.31988471808,146407.86933109857,272.5096778586683,23.436875929684867
Fremont,2026,Fixed-Time,4,41004,,185920,185586.11111738466,333.8888825645475,71.07726894021584,13214685.84136493,557.9534021909647,690.1002606046129,234.92774829093207,139488.35054774117,172525.06515115322,303.271089344251,23.436875929684867
Fremont,2026,Local-Greedy,4,41004,,185920,185610.2507677369,309.7492322250873,50.60132586994524,9407798.50574022,397.21815913125556,491.29614418865594,167.24975121315947,99304.5397828139,122824.03604716399,215.90473927394993,23.436875929684867
Fremont,2026,SA-QUBO,4,41004,0,185920,185586.11111738466,333.8888825645475,71.07726894021584,13214685.84136493,557.9534021909647,690.1002606046129,234.92774829093207,139488.35054774117,172525.06515115322,303.271089344251,23.436875929684867
Fremont,2026,Fixed-Time,5,41005,,174283,174006.55658905083,276.4434109018873,70.42636648040285,12274118.42930405,518.2405559039483,640.9817401969893,218.20654985429422,129560.13897598708,160245.43504924735,300.4938315656724,23.436875929684867
Fremont,2026,Local-Greedy,5,41005,,174283,174024.86638959125,258.133610368883,50.142194186173384,8738932.029348856,368.9771301280628,456.36645042155135,155.35879163286856,92244.2825320157,114091.61260538784,213.94572526052366,23.436875929684867
Fremont,2026,SA-QUBO,5,41005,0,174283,174006.55658905083,276.4434109018873,70.42636648040285,12274118.42930405,518.2405559039483,640.9817401969893,218.20654985429422,129560.13897598708,160245.43504924735,300.4938315656724,23.436875929684867
Fremont,2026,Fixed-Time,6,41006,,177929,177652.70489115827,276.2951087936557,63.29343972325792,11261738.436519558,475.4956228752702,588.1130072404658,200.20868331590324,118873.90571881755,147028.25181011643,270.0592003522586,23.436875929684867
Fremont,2026,Local-Greedy,6,41006,,177929,177675.95702464317,253.04297531680874,50.345231676004964,8957876.726879887,378.2214618015952,467.80022907039415,159.251141811198,94555.3654503988,116950.05726759853,214.8120416178775,23.436875929684867
Fremont,2026,SA-QUBO,6,41006,0,177929,177652.70489115827,276.2951087936557,63.29343972325792,11261738.436519558,475.4956228752702,588.1130072404658,200.20868331590324,118873.90571881755,147028.25181011643,270.0592003522586,23.436875929684867
Fremont,2026,Fixed-Time,7,41007,,177273,176960.50874826193,312.49125168761077,70.12459279972434,12431196.939385533,524.8727596629444,649.1847290568,220.99905670018728,131218.18991573612,162296.1822642,299.2062295764657,23.436875929684867
Fremont,2026,Local-Greedy,7,41007,,177273,176985.44503935744,287.5549606045422,50.18077767093856,8895697.000060292,375.596095558101,464.55306555870413,158.1457244455163,93899.02388952526,116138.26638967604,214.11035251238496,23.436875929684867
Fremont,2026,SA-QUBO,7,41007,0,177273,176960.50874826193,312.49125168761077,70.12459279972434,12431196.939385533,524.8727596629444,649.1847290568,220.99905670018728,131218.18991573612,162296.1822642,299.2062295764657,23.436875929684867
Fremont,2026,Fixed-Time,8,41008,,178244,177931.3757624721,312.6242374775063,59.06090057554876,10527251.162188113,444.48393795905434,549.7564495809348,187.15113177223313,111120.98448976359,137439.1123952337,251.9998857899953,23.436875929684867
Fremont,2026,Local-Greedy,8,41008,,178244,177959.5967940421,284.40320592214715,49.883722496202644,8891474.232613144,375.4178009325561,464.3325432586864,158.07065302423368,93854.45023313902,116083.13581467161,212.84288335127687,23.436875929684867
Fremont,2026,SA-QUBO,8,41008,0,178244,177931.3757624721,312.6242374775063,59.06090057554876,10527251.162188113,444.48393795905434,549.7564495809348,187.15113177223313,111120.98448976359,137439.1123952337,251.9998857899953,23.436875929684867
Fremont,2026,Fixed-Time,9,41009,,177700,177425.25361774684,274.74638220622205,58.79306098002119,10447526.936149765,441.11780397076853,545.5930733322655,185.73381219821806,110279.45099269213,136398.26833306637,250.85707308607033,23.436875929684867
Fremont,2026,Local-Greedy,9,41009,,177700,177440.8288880413,259.1711119207368,50.02505369013266,8889452.040736573,375.33241949776567,464.2269399051321,158.03470294642796,93833.10487444141,116056.73497628303,213.4459125022355,23.436875929684867
Fremont,2026,SA-QUBO,9,41009,0,177700,177425.25361774684,274.74638220622205,58.79306098002119,10447526.936149765,441.11780397076853,545.5930733322655,185.73381219821806,110279.45099269213,136398.26833306637,250.85707308607033,23.436875929684867
Fremont,2027,Fixed-Time,0,41000,,183256,182938.88016107894,317.11983887283145,72.2337056859457,13237259.969183665,558.9065320321994,691.2791317240359,235.32906611882072,139726.63300804986,172819.782931009,308.2053508439465,23.436875929684867
Fremont,2027,Local-Greedy,0,41000,,183256,182964.207737038,291.7922629257935,50.421245360161144,9239995.739721691,390.13315345491526,482.5331108521327,164.26659092838563,97533.28836372882,120633.27771303318,215.13637530631036,23.436875929684867
Fremont,2027,SA-QUBO,0,41000,0.2,183256,182934.7529949421,321.24700502080606,72.98844775353759,13375570.981522283,564.746330330941,698.5020401461636,237.78792856039613,141186.58258273525,174625.51003654092,311.4256694130948,23.436875929684867
Fremont,2027,Fixed-Time,1,41001,,175278,174978.77395259726,299.22604735188736,74.47861502924533,13054462.685096063,551.1884244818344,681.7330513327944,232.07933662393,137797.1061204586,170433.2628331986,317.7838857563418,23.436875929684867
Fremont,2027,Local-Greedy,1,41001,,175278,174999.51849340124,278.4815065618799,50.04985733082856,8772638.893232968,370.4003088253921,458.1266977577217,155.95802476858609,92600.07720634803,114531.67443943041,213.55174418718497,23.436875929684867
Fremont,2027,SA-QUBO,1,41001,0.2,175278,174974.1352215009,303.86477846220095,62.63591392340074,10978697.720665835,463.54501487255845,573.3319920792158,195.1768483673926,115886.25371813962,143332.99801980393,267.25368223700343,23.436875929684867
Fremont,2027,Fixed-Time,2,41002,,180876,180553.80305374274,322.196946204794,65.11773523727322,11778235.478777032,497.3032757705855,615.0856305583561,209.39085295603613,124325.81894264638,153771.40763958902,277.84306847311456,23.436875929684867
Fremont,2027,Local-Greedy,2,41002,,180876,180584.38424040348,291.615759561504,50.1117487621628,9064012.669104958,382.70275713998666,473.3428838310367,161.13800300631038,95675.68928499667,118335.72095775919,213.81582132579305,23.436875929684867
Fremont,2027,SA-QUBO,2,41002,0.2,180876,180555.6082321125,320.39176784679,60.500917949787805,10943164.03508582,462.0447037036246,571.4763440544817,194.5451384015257,115511.17592590615,142869.08601362043,258.1441235227007,23.436875929684867
Fremont,2027,Fixed-Time,3,41003,,179349,179038.23979722356,310.7602027270758,66.85081810873392,11989627.37698332,506.2287114726295,626.1249852424622,213.14893114637013,126557.17786815738,156531.24631061556,285.2377522895937,23.436875929684867
Fremont,2027,Local-Greedy,3,41003,,179349,179055.6141673694,293.3858325950333,50.21587063274248,9006166.18211173,380.2603499113835,470.3220117325015,160.10962101531968,95065.08747784588,117580.50293312538,214.26008646971442,23.436875929684867
Fremont,2027,SA-QUBO,3,41003,0.2,179349,179032.5371333608,316.46286660075987,67.65895629405607,12134566.15238266,512.3483486561578,633.6940101799834,215.72562048680285,128087.08716403945,158423.50254499583,288.6859003608072,23.436875929684867
Fremont,2027,Fixed-Time,4,41004,,189619,189309.45335913348,309.54664081425994,68.62333446036945,13012288.057040796,549.4077179639426,679.5305985343526,231.32956545850303,137351.92949098564,169882.64963358815,292.8006901015846,23.436875929684867
Fremont,2027,Local-Greedy,4,41004,,189619,189333.76298340867,285.23701656039685,50.89356427602458,9650386.764455505,407.4607744992319,503.9646421437875,171.56243136809786,101865.19362480797,125991.16053594688,217.15165634154934,23.436875929684867
Fremont,2027,SA-QUBO,4,41004,0.2,189619,189304.0311448246,314.9688551354219,69.10426178740403,13103481.015865764,553.2580873365551,684.2928974952121,232.95077361539134,138314.52183413878,171073.224373803,294.85270133583543,23.436875929684867
Fremont,2027,Fixed-Time,5,41005,,177455,177160.6989459152,294.30105404121446,70.49762334799344,12510155.751218176,528.2065761625444,653.308133674727,222.40276891054535,132051.64404063608,163327.03341868173,300.797868962996,23.436875929684867
Fremont,2027,Local-Greedy,5,41005,,177455,177171.8339442875,283.1660556785291,50.28901264586626,8924036.739072196,376.79266231638223,466.03302970710354,158.64954202795013,94198.16557909556,116508.25742677589,214.5721673688207,23.436875929684867
Fremont,2027,SA-QUBO,5,41005,0.2,177455,177154.60312460567,300.39687536009217,65.36722648137,11599741.175251512,489.7668496217307,605.7642613742456,206.21762089336022,122441.71240543269,151441.0653435614,278.90759279301665,23.436875929684867
Fremont,2027,Fixed-Time,6,41006,,181156,180863.88243736827,292.1175625816593,63.42359860639974,11489565.429140951,485.11498478595195,600.0106390773608,204.25894096250582,121278.74619648799,150002.6597693402,270.614559707884,23.436875929684867
Fremont,2027,Local-Greedy,6,41006,,181156,180887.11790806448,268.8820918968306,50.35319426390055,9121783.260071168,385.1419598696712,476.3597924703832,162.16503573459852,96285.4899674178,119089.94811759579,214.846016230874,23.436875929684867
Fremont,2027,SA-QUBO,6,41006,0.2,181156,180861.50457510527,294.49542485438855,63.923933686847214,11580204.130974494,488.941952196701,604.7439935064458,205.87029566176878,122235.48804917524,151185.99837661145,272.74937956164166,23.436875929684867
Fremont,2027,Fixed-Time,7,41007,,180412,180094.55048818336,317.44951176966254,79.47320665569863,14337920.1591679,605.3788511648664,748.7580527565459,254.89635838520715,151344.71279121662,187189.5131891365,339.0947108058835,23.436875929684867
Fremont,2027,Local-Greedy,7,41007,,180412,180117.18570003525,294.8142999255639,50.266170159918175,9068620.290891157,382.8973011709604,473.58350407987155,161.21991628250944,95724.3252927401,118395.87601996788,214.47470350027174,23.436875929684867
Fremont,2027,SA-QUBO,7,41007,0.2,180412,180091.60842207418,320.391577885371,80.43176334426278,14510855.288465135,612.6805566240843,757.7891095087349,257.9707606838246,153170.13915602106,189447.27737718372,343.1846615802103,23.436875929684867
Fremont,2027,Fixed-Time,8,41008,,181604,181298.67859570959,305.32140423817134,60.79347247891158,11040337.776060259,466.1475949892099,576.5509727498136,196.27267157440463,116536.89874730248,144137.7431874534,259.3923894178716,23.436875929684867
Fremont,2027,Local-Greedy,8,41008,,181604,181326.0512196328,277.94878033350625,50.12542566247627,9102977.80200834,384.3479516403524,475.37772966043553,161.83071648014825,96086.9879100881,118844.43241510888,213.87417765431786,23.436875929684867
Fremont,2027,SA-QUBO,8,41008,0.2,181604,181298.02978005103,305.9702199069799,61.34584597537992,11140651.012512896,470.3830427505452,581.7895528756735,198.05601800022927,117595.7606876363,145447.38821891838,261.74924575881727,23.436875929684867
Fremont,2027,Fixed-Time,9,41009,,181292,180992.06143893712,299.9385610140632,61.60790526147832,11169020.360663928,471.58085967247814,583.2710632791162,198.56036196735872,117895.21491811954,145817.76581977904,262.8673951524678,23.436875929684867
Fremont,2027,Local-Greedy,9,41009,,181292,181011.55422149858,280.44577846598315,50.36400575770919,9130591.331826614,385.5138562326806,476.81976955094535,162.32162367691757,96378.46405817015,119204.94238773634,214.89214649943486,23.436875929684867
Fremont,2027,SA-QUBO,9,41009,0.2,181292,180992.34911810097,299.6508818599206,56.19850268584164,10188338.948921602,430.17431117669025,532.0577006659059,181.12602575860626,107543.57779417257,133014.4251664765,239.7866629257583,23.436875929684867
Fremont,2028,Fixed-Time,0,41000,,186988,186679.37127844256,308.62872150654687,83.2335834971871,15563681.310972022,657.1332109077065,812.7700240174278,276.6876677506137,164283.30272692663,203192.50600435695,355.1394125518429,23.436875929684867
Fremont,2028,Local-Greedy,0,41000,,186988,186708.94092849948,279.0590714615324,50.627787444556745,9466788.718682777,399.70885701105004,494.3767441978784,168.29846610991603,99927.21425276251,123594.1860494696,216.01764499863307,23.436875929684867
Fremont,2028,SA-QUBO,0,41000,0.5,186988,186670.94036844396,317.0596315280492,56.24558750905496,10517249.917143168,444.0616631682661,549.2341623396987,186.973331860323,111015.41579206652,137308.5405849247,239.98756352084865,23.436875929684867
Fremont,2028,Fixed-Time,1,41001,,178604,178326.5247689257,277.4752310274064,78.98266012226657,14106619.028477298,595.6128034245977,736.67899370937,250.78433828404087,148903.20085614943,184169.7484273425,337.0016565314837,23.436875929684867
Fremont,2028,Local-Greedy,1,41001,,178604,178345.73144529774,258.26855466215596,50.177314589160176,8961869.094882363,378.3900284505892,468.0087193994123,159.32211724235313,94597.5071126473,117002.17984985308,214.095576303351,23.436875929684867
Fremont,2028,SA-QUBO,1,41001,0.5,178604,178314.17690159898,289.82309837800625,57.20323452224433,10216726.498610927,431.3728966080164,533.5401615941262,181.6306933086387,107843.2241520041,133385.04039853154,244.07363291022673,23.436875929684867
Fremont,2028,Fixed-Time,2,41002,,184355,184042.8643229403,312.1356770099304,68.01365365992037,12538657.120474618,529.4099673089289,654.7965385136745,222.90945991954877,132352.49182723224,163699.13462841863,290.19931608621556,23.436875929684867
Fremont,2028,Local-Greedy,2,41002,,184355,184064.43670084377,290.56329912117474,50.371944687366955,9286319.862839535,392.0890608754464,484.9522595038424,165.09013089492507,98022.2652188616,121238.0648759606,214.9260201679288,23.436875929684867
Fremont,2028,SA-QUBO,2,41002,0.5,184355,184041.37720493998,313.62279503039025,55.36591632144737,10206983.50344043,430.96152570081875,533.0313607352225,181.45748450560765,107740.38142520469,133257.84018380562,236.23419984624132,23.436875929684867
Fremont,2028,Fixed-Time,3,41003,,182931,182652.80374128668,278.19625866225215,71.83290931785241,13140465.93442406,554.8196727867936,686.2243321310342,233.60828327864994,138704.9181966984,171556.08303275856,306.4952408049816,23.436875929684867
Fremont,2028,Local-Greedy,3,41003,,182931,182669.43444475255,261.56555521067264,50.38736419489774,9217410.919536838,389.1795721582219,481.35368135359045,163.86508301398825,97294.89303955548,120338.42033839761,214.99181181856113,23.436875929684867
Fremont,2028,SA-QUBO,3,41003,0.5,182931,182648.7932824592,282.20671751395184,70.00401201858458,12805903.922571694,540.6937211752495,668.7527604009663,227.66051417905234,135173.4302938124,167188.19010024157,298.6917378775655,23.436875929684867
Fremont,2028,Fixed-Time,4,41004,,193468,193160.92653930132,307.07346064111175,76.08120785396947,14719279.121091766,621.4806740016533,768.67346521257,261.6760732638536,155370.1685004133,192168.3663031425,324.62179721490065,23.436875929684867
Fremont,2028,Local-Greedy,4,41004,,193468,193170.6050344006,297.39496556026864,51.057967667257884,9878082.888649048,417.074610854071,515.8554397405613,175.61036246487197,104268.65271351775,128963.85993514034,217.85312948893704,23.436875929684867
Fremont,2028,SA-QUBO,4,41004,0.5,193468,193151.54419344375,316.45580652718763,76.25530565952792,14752961.475337548,622.9028178475841,770.4324326009609,262.27487067266753,155725.704461896,192608.1081502402,325.36463429813983,23.436875929684867
Fremont,2028,Fixed-Time,5,41005,,181224,180949.6654611634,274.3345387889565,75.6282427340166,13705652.661229422,578.6831123630204,715.7396389753143,243.6560473107453,144670.7780907551,178934.90974382858,322.6890945743616,23.436875929684867
Fremont,2028,Local-Greedy,5,41005,,181224,180974.35768636028,249.64231360321958,50.51227445010666,9154036.42494613,386.50376016439157,478.0441244138534,162.73842533237564,96625.94004109789,119511.03110346335,215.52477643203468,23.436875929684867
Fremont,2028,SA-QUBO,5,41005,0.5,181224,180939.80814683222,284.19185314089276,70.11426108292325,12706386.850491682,536.491889242983,663.555757747899,225.8913217865188,134122.97231074574,165888.93943697473,299.1621464109786,23.436875929684867
Fremont,2028,Fixed-Time,6,41006,,184673,184363.67163915615,309.328360795019,71.244850130105,13157000.20807688,555.5177865632473,687.0877886440148,233.90222592136675,138879.44664081183,171771.9471610037,303.9861214602716,23.436875929684867
Fremont,2028,Local-Greedy,6,41006,,184673,184386.841111651,286.1588883095608,50.80265588003911,9381878.869334463,396.12377448301083,489.9425631763553,166.78895767705714,99030.9436207527,122485.64079408882,216.76377019043343,23.436875929684867
Fremont,2028,SA-QUBO,6,41006,0.5,184673,184349.44132516455,323.5586748055209,58.60045298545782,10821921.454183452,456.92557250996737,565.1447870518025,192.38971474103914,114231.39312749184,141286.19676295063,250.03525709343876,23.436875929684867
Fremont,2028,Fixed-Time,7,41007,,184378,184060.1147418268,317.88525812107196,83.67969292308513,15428694.42177259,651.4337644748432,805.7207086925686,274.28790083151273,162858.4411187108,201430.17717314215,357.04286345219515,23.436875929684867
Fremont,2028,Local-Greedy,7,41007,,184378,184084.55720614447,293.4427938164171,50.56172437265102,9322469.61638065,393.6153838027395,486.84007996654503,165.73279318010046,98403.84595068487,121710.01999163626,215.73576838630677,23.436875929684867
Fremont,2028,SA-QUBO,7,41007,0.5,184378,184044.94207299195,333.0579269783885,85.60297212762087,15783304.79494648,666.4062024532965,824.2392504027606,280.592085243493,166601.55061332413,206059.81260069014,365.24907323162967,23.436875929684867
Fremont,2028,Fixed-Time,8,41008,,185137,184822.1405920902,314.85940786413306,62.89368566861543,11643948.283630455,491.63337197550806,608.0728548118127,207.0035250423192,122908.34299387701,152018.2137029532,268.35353763576927,23.436875929684867
Fremont,2028,Local-Greedy,8,41008,,185137,184845.3746389662,291.6253609930447,50.435403231463916,9337459.248063534,394.2482793626818,487.62287184331797,165.9992755211295,98562.06984067045,121905.7179608295,215.19678383236666,23.436875929684867
Fremont,2028,SA-QUBO,8,41008,0.5,185137,184812.5082719426,324.49172802809954,64.64750709256339,11968645.520595908,505.3428108696065,625.0292660755641,212.77592036614948,126335.70271740163,156257.31651889102,275.836708299,23.436875929684867
Fremont,2028,Fixed-Time,9,41009,,185130,184810.6830701488,319.3169298029507,65.39147910500172,12105924.526708968,511.13903557215565,632.1982808392461,215.21643603038166,127784.75889303892,158049.57020981153,279.0110734092237,23.436875929684867
Fremont,2028,Local-Greedy,9,41009,,185130,184833.431159603,296.5688403622962,50.55514533670965,9359274.056185057,395.16934903892314,488.7620896007752,166.3870943321788,98792.33725973079,122190.5224001938,215.70769708550236,23.436875929684867
Fremont,2028,SA-QUBO,9,41009,0.5,185130,184807.48124037002,322.5187596043102,59.8267023434547,11075717.404843768,467.6414015378479,578.3985755862857,196.90164275277812,116910.35038446198,144599.64389657142,255.26739367032667,23.436875929684867
Fremont,2029,Fixed-Time,0,41000,,190667,190353.565124301,313.43487564918956,83.87513361864842,15992220.101666838,675.2270709592667,835.1492719759349,284.30613514074383,168806.76773981669,208787.3179939837,357.8767659575873,23.436875929684867
Fremont,2029,Local-Greedy,0,41000,,190667,190375.55745959107,291.4425403735365,50.919886389020675,9708741.978135405,409.9246612990504,507.0120810804045,172.5998573890739,102481.1653247626,126753.02027010113,217.26396701416232,23.436875929684867
Fremont,2029,SA-QUBO,0,41000,0.8,190667,190338.09327003377,328.9067299541882,56.99337141714747,10866755.147993257,458.81855069304896,567.4861021729812,193.1867581865468,114704.63767326224,141871.5255432453,243.17819315227229,23.436875929684867
Fremont,2029,Fixed-Time,1,41001,,181683,181394.76427318962,288.2357267575563,85.94304034786207,15614389.399520623,659.2742190908701,815.418113086077,277.58914488036663,164818.55477271753,203854.52827151926,366.70006960700607,23.436875929684867
Fremont,2029,Local-Greedy,1,41001,,181683,181425.24603464792,257.7539653144954,50.160040789528416,9113226.69076389,384.7806824989191,475.91294940655877,162.01291894691363,96195.17062472977,118978.23735163969,214.02187279575222,23.436875929684867
Fremont,2029,SA-QUBO,1,41001,0.8,181683,181379.43230715147,303.5676928326666,56.6471673512397,10291827.305875283,434.5438195814017,537.4620926401536,182.96581877111615,108635.95489535043,134365.5231600384,241.70101647161545,23.436875929684867
Fremont,2029,Fixed-Time,2,41002,,188320,188024.91554126272,295.0844586860592,71.12745688046296,13394722.679728784,565.5549575885489,699.5021843858365,238.12840319517838,141388.73939713722,174875.54609645912,303.4852302579021,23.436875929684867
Fremont,2029,Local-Greedy,2,41002,,188320,188043.46388684656,276.53611311372833,50.474969879281005,9505446.327666199,401.34106716812704,496.3955304447904,168.98571249184354,100335.26679203176,124098.8826111976,215.3656060249481,23.436875929684867
Fremont,2029,SA-QUBO,2,41002,0.8,188320,188006.23343559704,313.766564384625,56.88335424028467,10712273.270530408,452.2959825335073,559.4187152388101,190.44041369831837,113073.99563337682,139854.67880970254,242.708774031768,23.436875929684867
Fremont,2029,Fixed-Time,3,41003,,186643,186340.63154631344,302.368453631939,71.0828458292805,13267115.5941144,560.1671028626073,692.838258803752,235.859832784256,140041.77571565183,173209.56470093798,303.29488470452594,23.436875929684867
Fremont,2029,Local-Greedy,3,41003,,186643,186356.2427277961,286.7572721631308,50.66464693949731,9456201.698728597,399.2618495018741,493.8238664891601,168.11025242184172,99815.46237546853,123455.96662229003,216.17491636471087,23.436875929684867
Fremont,2029,SA-QUBO,3,41003,0.8,186643,186324.01539864004,318.98460134670967,56.84936159235415,10610535.395681756,448.0003833732301,554.1057373300473,188.63174036767566,112000.09584330751,138526.43433251182,242.56373487197342,23.436875929684867
Fremont,2029,Fixed-Time,4,41004,,197480,197143.69433801886,336.30566192847095,79.77928178515943,15754812.566933284,665.2031972705189,822.7513229398492,280.0855567454806,166300.79931762972,205687.83073496228,340.4006661319222,23.436875929684867
Fremont,2029,Local-Greedy,4,41004,,197480,197164.86092057827,315.139079384472,51.170976348334754,10105244.409269147,426.6658750580299,527.7183191507221,179.64878949811816,106666.46876450747,131929.57978768053,218.3353127006241,23.436875929684867
Fremont,2029,SA-QUBO,4,41004,0.8,197480,197122.28630695847,357.7136930234547,68.65242796638537,13557481.474801783,572.4269956027421,708.0018103507598,241.02189288536502,143106.74890068552,177000.45258768994,292.92482569927773,23.436875929684867
Fremont,2029,Fixed-Time,5,41005,,184900,184579.1617081136,320.8382918331438,75.29833664832387,13922662.446275083,587.8457477316151,727.0723721943655,247.51399904489037,146961.43693290377,181768.09304859137,321.2814577942613,23.436875929684867
Fremont,2029,Local-Greedy,5,41005,,184900,184584.68527033675,315.31472962939597,50.46289712152087,9330589.677769208,393.9582308391436,487.2641276168364,165.87714982700814,98489.5577097859,121816.0319042091,215.31409422023336,23.436875929684867
Fremont,2029,SA-QUBO,5,41005,0.8,184900,184566.77087643516,333.22912354668176,57.06887755051787,10552035.459090754,445.53038605049915,551.050740641406,187.59174149494675,111382.59651262479,137762.6851603515,243.50036123302218,23.436875929684867
Fremont,2029,Fixed-Time,6,41006,,188659,188345.50982584024,313.4901741062794,74.32357365895969,14021811.082925675,592.0320235013072,732.250134330563,249.27664147423422,148008.0058753268,183062.53358264075,317.12235829529794,23.436875929684867
Fremont,2029,Local-Greedy,6,41006,,188659,188368.88187061527,290.1181293469789,50.993013371429186,9620290.90964046,406.1900606292629,502.3929697256685,171.02739394916372,101547.51515731573,125598.24243141712,217.57598378050912,23.436875929684867
Fremont,2029,SA-QUBO,6,41006,0.8,188659,188321.3522450543,337.64775492816716,61.35841339316079,11575816.91234032,488.75671407659127,604.5148831999945,205.79230066382792,122189.17851914781,151128.72079999864,261.8028681691529,23.436875929684867
Fremont,2029,Fixed-Time,7,41007,,188076,187775.92407658897,300.07592336105915,94.9696381728282,17861509.668992836,754.1526304685856,932.7677271585148,317.5379496709838,188538.15761714638,233191.93178962872,405.21457918604585,23.436875929684867
Fremont,2029,Local-Greedy,7,41007,,188076,187787.2550638383,288.74493612829303,50.8113841376448,9556401.883071683,403.49252395191536,499.05654278263233,169.89158903238547,100873.13098797885,124764.13569565809,216.80101174784866,23.436875929684867
Fremont,2029,SA-QUBO,7,41007,0.8,188076,187764.32230909695,311.67769088636453,79.86690093220578,15021047.259725535,634.2219954106341,784.4324680078892,267.0408401728984,158555.49885265852,196108.11700197228,340.77451778053455,23.436875929684867
Fremont,2029,Fixed-Time,8,41008,,188805,188494.24375099092,310.75624895892383,64.87401586651008,12248538.565676436,517.1605172174492,639.6459028742139,217.75179672313666,129290.1293043623,159911.47571855347,276.8031714685208,23.436875929684867
Fremont,2029,Local-Greedy,8,41008,,188805,188513.17860063247,291.8213993308164,50.44713668392589,9524671.641608628,402.15280264569765,497.39951906178385,169.32749585082004,100538.20066142442,124349.87976544596,215.24684789592692,23.436875929684867
Fremont,2029,SA-QUBO,8,41008,0.8,188805,188482.8897456724,322.11025431759356,56.849884592592396,10733542.460504407,453.19401499907474,560.529439604119,190.81853263118944,113298.50374976869,140132.35990102976,242.56596639907542,23.436875929684867
Fremont,2029,Fixed-Time,9,41009,,188903,188585.3349808965,317.66501905257536,70.1056647911832,13243170.396048881,559.156083388731,691.5877873492194,235.43414037420234,139789.02084718275,172896.94683730486,299.12546792291636,23.436875929684867
Fremont,2029,Local-Greedy,9,41009,,188903,188605.3666677211,297.6333322395535,50.743269793365535,9585555.89377613,404.7234710705479,500.57903000830896,170.40988255602008,101180.86776763697,125144.75750207723,216.5103828070136,23.436875929684867
Fremont,2029,SA-QUBO,9,41009,0.8,188903,188570.8833046859,332.11669530263043,63.20406916382151,11939438.277253374,504.1096161506969,623.5039989232318,212.25668048450444,126027.40403767423,155875.99973080796,269.67787581180136,23.436875929684867
Fremont,2030,Fixed-Time,0,41000,,194571,194223.68010864046,347.3198913056698,95.51725408006907,18584887.64361312,784.695256063662,970.5441324997962,330.3980025531221,196173.8140159155,242636.03312494906,407.5511359391038,23.436875929684867
Fremont,2030,Local-Greedy,0,41000,,194571,194247.84544560083,323.1545543607982,51.08329264532004,9939327.333292566,419.66048740568533,519.0537607386118,176.69915259186783,104915.12185142134,129763.44018465295,217.96118560587914,23.436875929684867
Fremont,2030,SA-QUBO,0,41000,1,194571,194215.18572013592,355.8142798607177,57.800705126179544,11246340.99710588,474.8455087666925,587.3089187377515,199.93495105966008,118711.37719167312,146827.22968443786,246.62290869991705,23.436875929684867
Fremont,2030,Fixed-Time,1,41001,,185707,185385.8974398079,321.10256014008786,90.87379047855146,16875899.008400355,712.5379581324598,881.296948216463,300.0159823715619,178134.48953311495,220324.23705411574,387.73849702149,23.436875929684867
Fremont,2030,Local-Greedy,1,41001,,185707,185409.04432933606,297.9556706283397,50.298603187884055,9340802.702212384,394.38944742674465,487.7974744488689,166.05871470599794,98597.36185668617,121949.36861221722,214.6130881043597,23.436875929684867
Fremont,2030,SA-QUBO,1,41001,1,185707,185364.8193509863,342.1806490059704,57.90902491387158,10754111.28968035,454.0624766753934,561.6035895721961,191.18420070542845,113515.61916884835,140400.89739304903,247.085085433783,23.436875929684867
Fremont,2030,Fixed-Time,2,41002,,191616,191314.39629854177,301.603701405593,78.54911389534637,15051267.008170689,635.4979403449837,786.0106104266916,267.5780801452567,158874.48508624593,196502.6526066729,335.1518100407614,23.436875929684867
Fremont,2030,Local-Greedy,2,41002,,191616,191345.46141455285,270.5385854126814,50.78032134350607,9730322.054557258,410.8358200813058,508.1390406268791,172.98350319212906,102708.95502032645,127034.76015671977,216.66847363043092,23.436875929684867
Fremont,2030,SA-QUBO,2,41002,1,191616,191311.9939218145,304.0060781776182,57.67938383405953,11052292.81274715,466.65236320488003,577.1752913323512,196.48520555994935,116663.09080122001,144293.8228330878,246.1052574033705,23.436875929684867
Fremont,2030,Fixed-Time,3,41003,,190208,189888.0986248917,319.9013750593058,73.20956743134671,13925045.401981596,587.9463614170022,727.1968154368167,247.55636270189504,146986.59035425054,181799.20385920416,312.36913849349844,23.436875929684867
Fremont,2030,Local-Greedy,3,41003,,190208,189911.838421668,296.16157829518176,50.82887881981953,9668059.382560233,408.20695170809756,504.8875455337011,171.87661124551528,102051.73792702438,126221.88638342527,216.8756577127256,23.436875929684867
Fremont,2030,SA-QUBO,3,41003,1,190208,189878.97332046923,329.02667952573324,57.707508923633746,10976429.857346527,463.44926064351944,573.2135592169852,195.13653079727158,115862.31516087987,143303.3898042463,246.22526098088915,23.436875929684867
Fremont,2030,Fixed-Time,4,41004,,201034,200698.77459847418,335.2254014678108,88.73383780091687,17838518.34846952,753.1818858242679,931.5670693089638,317.1292150839026,188295.47145606697,232891.76732724096,378.60778914022256,23.436875929684867
Fremont,2030,Local-Greedy,4,41004,,201034,200720.116421134,313.8835788253946,51.33899811955129,10320884.147965875,435.7706640252247,538.9795055048845,183.48238485272665,108942.66600630617,134744.87637622113,219.05222468036337,23.436875929684867
Fremont,2030,SA-QUBO,4,41004,1,201034,200688.36142978957,345.63857020943755,57.682995826355935,11596243.382955639,489.6191650581276,605.5815988876833,206.15543791921135,122404.7912645319,151395.3997219208,246.12066898086593,23.436875929684867
Fremont,2030,Fixed-Time,5,41005,,188661,188356.37591256632,304.6240873851792,83.17319738006962,15691538.590921316,662.5316293944534,819.4470153036686,278.9606860608234,165632.90734861334,204861.75382591717,354.88175825824743,23.436875929684867
Fremont,2030,Local-Greedy,5,41005,,188661,188373.33134486113,287.6686551039513,50.71909630093712,9568715.427231098,404.01242914975774,499.6995834220685,170.1104964841084,101003.10728743943,124924.89585551713,216.4072398262642,23.436875929684867
Fremont,2030,SA-QUBO,5,41005,1,188661,188339.60730383,321.39269616427896,57.78587061464485,10901940.136029512,460.30413907680173,569.3235404370968,193.8122690849691,115076.03476920043,142330.88510927418,246.5596130986637,23.436875929684867
Fremont,2030,Fixed-Time,6,41006,,192574,192270.1808071098,303.8191928374873,77.15193953390009,14857457.603801277,627.3148766049429,775.8894526429556,264.13257962313384,156828.71915123574,193972.3631607389,329.19037403010003,23.436875929684867
Fremont,2030,Local-Greedy,6,41006,,192574,192284.22885620393,289.77114375625627,51.000585696632065,9821386.789943224,414.68077557537976,512.8946434748128,174.60243182121286,103670.19389384495,128223.66086870321,217.60829322834508,23.436875929684867
Fremont,2030,SA-QUBO,6,41006,1,192574,192250.6235089272,323.376491067273,57.837661013289924,11138029.731973294,470.2723664610949,581.6526637808275,198.00941745730302,117568.09161527373,145413.16594520689,246.780591350204,23.436875929684867
Fremont,2030,Fixed-Time,7,41007,,191588,191255.51612947477,332.4838704724192,89.67915397234998,17181449.75125459,725.4389894974184,897.2534870099619,305.44799557785933,181359.7473743546,224313.37175249046,382.64124553718113,23.436875929684867
Fremont,2030,Local-Greedy,7,41007,,191588,191283.49256573006,304.5074342339245,50.94305789499678,9760078.575986642,412.0922065416602,509.6929923015246,173.5125080175403,103023.05163541505,127423.24807538115,217.36283473887795,23.436875929684867
Fremont,2030,SA-QUBO,7,41007,1,191588,191235.9101485427,352.089851455291,57.782026063982336,11070342.809546247,467.41447418084135,578.117902276304,196.8060943919333,116853.61854521034,144529.475569076,246.54320924571823,23.436875929684867
Fremont,2030,Fixed-Time,8,41008,,192425,192128.6479281413,296.3520718052392,67.96630629520743,13078416.48885529,552.1998073072249,682.9839721957762,232.50518202409404,138049.9518268062,170745.99304894404,289.9972952842325,23.436875929684867
Fremont,2030,Local-Greedy,8,41008,,192425,192139.65642795645,285.34357200758393,50.79204136872273,9773658.56037647,412.66558366033973,510.4021692641046,173.75392996224838,103166.39591508494,127600.54231602616,216.7184804028857,23.436875929684867
Fremont,2030,SA-QUBO,8,41008,1,192425,192107.37550116098,317.62449883820415,57.727526258314896,11108219.240256244,469.0137012552631,580.0958936578261,197.479453160111,117253.42531381577,145023.97341445653,246.3106705497293,23.436875929684867
Fremont,2030,Fixed-Time,9,41009,,192681,192326.70449798956,354.2955019610379,72.49775892497692,13968940.687423479,589.7997179134323,729.4891247876706,248.33672333197296,147449.9294783581,182372.28119691764,309.33200799664655,23.436875929684867
Fremont,2030,Local-Greedy,9,41009,,192681,192343.54574651603,337.4542534456281,51.00373808818554,9827451.258569678,414.9368309173861,513.2113435030832,174.71024459679427,103734.20772934653,128302.83587577079,217.62174379045464,23.436875929684867
Fremont,2030,SA-QUBO,9,41009,1,192681,192315.45808368686,365.54191631357503,57.743490420655746,11126073.47774237,469.76754683801,581.0282816154349,197.79686182653103,117441.88670950249,145257.07040385873,246.37878612276361,23.436875929684867
Delhi,2025,Fixed-Time,0,41100,,93886,93734.51261140096,151.48738858789028,55.25260438859812,5187446.015627923,219.02549843762367,270.8999585939027,92.22126250005198,54756.37460940592,67724.98964847568,213.1319279433876,25.924132963914445
Delhi,2025,Local-Greedy,0,41100,,93886,93746.65327201922,139.34672797473468,45.98401749948269,4317255.466956432,182.28411971593857,225.45667438550257,76.75120830144768,45571.029928984644,56364.16859637564,177.37919167245036,25.924132963914445
Delhi,2025,SA-QUBO,0,41100,0,93886,93734.51261140096,151.48738858789028,55.25260438859812,5187446.015627923,219.02549843762367,270.8999585939027,92.22126250005198,54756.37460940592,67724.98964847568,213.1319279433876,25.924132963914445
Delhi,2025,Fixed-Time,1,41101,,92992,92837.50053378148,154.49946620849852,53.69002543292195,4992742.845058278,210.80469790246025,260.7321263530434,88.75987280103605,52701.17447561506,65183.03158826085,207.10442084083095,25.924132963914445
Delhi,2025,Local-Greedy,1,41101,,92992,92850.02488000148,141.97511999117674,45.610531664120856,4241414.560509927,179.08194811041852,221.49609371551838,75.40292552017648,44770.48702760463,55374.0234288796,175.93850381653743,25.924132963914445
Delhi,2025,SA-QUBO,1,41101,0,92992,92837.50053378148,154.49946620849852,53.69002543292195,4992742.845058278,210.80469790246025,260.7321263530434,88.75987280103605,52701.17447561506,65183.03158826085,207.10442084083095,25.924132963914445
Delhi,2025,Fixed-Time,2,41102,,90709,90559.94241194306,149.0575880477213,52.95892417474,4803851.05296649,202.82926668080728,250.86777721047227,85.40179649718205,50707.31667020182,62716.94430261807,204.28426381108716,25.924132963914445
Delhi,2025,Local-Greedy,2,41102,,90709,90574.26295397594,134.73704601965127,45.38247845126231,4116599.237835553,173.81196781972366,214.9779601980789,73.18398645040983,43452.99195493091,53744.49004951973,175.05880915837477,25.924132963914445
Delhi,2025,SA-QUBO,2,41102,0,90709,90559.94241194306,149.0575880477213,52.95892417474,4803851.05296649,202.82926668080728,250.86777721047227,85.40179649718205,50707.31667020182,62716.94430261807,204.28426381108716,25.924132963914445
Delhi,2025,Fixed-Time,3,41103,,93750,93606.82080496362,143.17919502527593,53.22916957182434,4990234.647358532,210.69879622180474,260.60114269539,88.71528261970724,52674.69905545119,65150.28567384751,205.32671100675816,25.924132963914445
Delhi,2025,Local-Greedy,3,41103,,93750,93621.24519678255,128.75480321046624,46.22317580900162,4333422.732093901,182.9667375772982,226.30096489823708,77.03862634833602,45741.68439432455,56575.24122455927,178.301723237351,25.924132963914445
Delhi,2025,SA-QUBO,3,41103,0,93750,93606.82080496362,143.17919502527593,53.22916957182434,4990234.647358532,210.69879622180474,260.60114269539,88.71528261970724,52674.69905545119,65150.28567384751,205.32671100675816,25.924132963914445
Delhi,2025,Fixed-Time,4,41104,,92683,92539.37104556592,143.62895442422501,53.29108922399349,4939178.022547388,208.54307206311194,257.93485228858583,87.80760928973135,52135.76801577798,64483.71307214646,205.5655604689768,25.924132963914445
Delhi,2025,Local-Greedy,4,41104,,92683,92553.38768176125,129.61231823219848,45.681197800602995,4233870.455753287,178.763419242917,221.10212380044945,75.26880810228066,44690.85481072925,55275.53095011236,176.2110920515249,25.924132963914445
Delhi,2025,SA-QUBO,4,41104,0,92683,92539.37104556592,143.62895442422501,53.29108922399349,4939178.022547388,208.54307206311194,257.93485228858583,87.80760928973135,52135.76801577798,64483.71307214646,205.5655604689768,25.924132963914445
Delhi,2025,Fixed-Time,5,41105,,93147,92993.4307160509,153.56928393870487,56.66237483283118,5277930.228553726,222.84594298337927,275.62524526891684,93.82987072984403,55711.48574584482,68906.3113172292,218.5699900232088,25.924132963914445
Delhi,2025,Local-Greedy,5,41105,,93147,93017.65707706477,129.34292292841718,45.54960537752954,4242809.092100744,179.1408283331424,221.56891925414996,75.42771719290211,44785.2070832856,55392.22981353749,175.70348617225935,25.924132963914445
Delhi,2025,SA-QUBO,5,41105,0,93147,92993.4307160509,153.56928393870487,56.66237483283118,5277930.228553726,222.84594298337927,275.62524526891684,93.82987072984403,55711.48574584482,68906.3113172292,218.5699900232088,25.924132963914445
Delhi,2025,Fixed-Time,6,41106,,96759,96596.33605678705,162.66394319956748,53.16203707107628,5143905.54496027,217.18712300943287,268.6261784590363,91.44720968818257,54296.780752358216,67156.54461475907,205.06775345226058,25.924132963914445
Delhi,2025,Local-Greedy,6,41106,,96759,96611.69949684307,147.30050314855134,45.993844285319895,4450318.379203267,187.90233156636089,232.40551535839285,79.11677118583587,46975.582891590224,58101.37883959821,177.41709761071598,25.924132963914445
Delhi,2025,SA-QUBO,6,41106,0,96759,96596.33605678705,162.66394319956748,53.16203707107628,5143905.54496027,217.18712300943287,268.6261784590363,91.44720968818257,54296.780752358216,67156.54461475907,205.06775345226058,25.924132963914445
Delhi,2025,Fixed-Time,7,41107,,91787,91632.39675063874,154.60324935191267,52.684240149969234,4835728.350645226,204.17519702724258,252.53248053369515,85.9685040114707,51043.79925681064,63133.120133423785,203.22469501025935,25.924132963914445
Delhi,2025,Local-Greedy,7,41107,,91787,91639.04076190614,147.95923808936647,45.446374081532795,4171386.337821651,176.12520093024722,217.83906430846397,74.15797933905156,44031.30023256181,54459.76607711599,175.30528077753914,25.924132963914445
Delhi,2025,SA-QUBO,7,41107,0,91787,91632.39675063874,154.60324935191267,52.684240149969234,4835728.350645226,204.17519702724258,252.53248053369515,85.9685040114707,51043.79925681064,63133.120133423785,203.22469501025935,25.924132963914445
Delhi,2025,Fixed-Time,8,41108,,95337,95181.38881261511,155.6111873733465,53.15403479994411,5067546.215722271,213.96306244160724,264.6385245988297,90.08971050172927,53490.76561040181,66159.63114970742,205.036885414578,25.924132963914445
Delhi,2025,Local-Greedy,8,41108,,95337,95200.52899991031,136.4710000827245,45.83440002177143,4369714.194875623,184.49904378363766,228.19618573239364,77.68380790889996,46124.76094590942,57049.04643309841,176.80205577394406,25.924132963914445
Delhi,2025,SA-QUBO,8,41108,0,95337,95181.38881261511,155.6111873733465,53.15403479994411,5067546.215722271,213.96306244160724,264.6385245988297,90.08971050172927,53490.76561040181,66159.63114970742,205.036885414578,25.924132963914445
Delhi,2025,Fixed-Time,9,41109,,92070,91911.44148111402,158.55851887563838,53.70058307294781,4944212.683526305,208.75564663777752,258.19777347304034,87.89711437380097,52188.91165944438,64549.44336826009,207.14514598307792,25.924132963914445
Delhi,2025,Local-Greedy,9,41109,,92070,91917.96691767214,152.03308232231058,45.71794827588303,4209251.497760551,177.7239521276679,219.81646710527323,74.83113773796536,44430.988031916975,54954.11677631831,176.3528536885725,25.924132963914445
Delhi,2025,SA-QUBO,9,41109,0,92070,91911.44148111402,158.55851887563838,53.70058307294781,4944212.683526305,208.75564663777752,258.19777347304034,87.89711437380097,52188.91165944438,64549.44336826009,207.14514598307792,25.924132963914445
Delhi,2026,Fixed-Time,0,41100,,95686,95531.43616706431,154.5638329247512,58.44433076267433,5592304.233357256,236.11951207508417,292.0425544086567,99.41874192635123,59029.87801877104,73010.63860216418,225.4437239772954,25.924132963914445
Delhi,2026,Local-Greedy,0,41100,,95686,95549.64768239566,136.35231759730246,46.28783078800243,4429097.3767808005,187.00633368630034,231.29730745410848,78.73950892054756,46751.58342157509,57824.326863527116,178.55112397561606,25.924132963914445
Delhi,2026,SA-QUBO,0,41100,0,95686,95531.43616706431,154.5638329247512,58.44433076267433,5592304.233357256,236.11951207508417,292.0425544086567,99.41874192635123,59029.87801877104,73010.63860216418,225.4437239772954,25.924132963914445
Delhi,2026,Fixed-Time,1,41101,,94778,94633.04633474283,144.9536652448703,55.262680420638375,5237686.324907264,221.14675594052872,273.52361918960156,93.1144235539069,55286.68898513218,68380.90479740039,213.1707953263557,25.924132963914445
Delhi,2026,Local-Greedy,1,41101,,94778,94653.9508474702,124.04915252141322,45.75880686616272,4336928.197161171,183.11474610236033,226.48402807397227,77.1009457273097,45778.686525590085,56621.00701849307,176.51046200795798,25.924132963914445
Delhi,2026,SA-QUBO,1,41101,0,94778,94633.04633474283,144.9536652448703,55.262680420638375,5237686.324907264,221.14675594052872,273.52361918960156,93.1144235539069,55286.68898513218,68380.90479740039,213.1707953263557,25.924132963914445
Delhi,2026,Fixed-Time,2,41102,,92623,92478.46344274546,144.53655724373434,53.14476679772341,4922427.735105536,207.8358377044563,257.06011505551135,87.5098264018762,51958.95942611408,64265.02876387784,205.00113493361266,25.924132963914445
Delhi,2026,Local-Greedy,2,41102,,92623,92491.18270844645,131.81729154844783,45.48111828509304,4212597.618920173,177.86523279885193,219.99120898805347,74.89062433635863,44466.308199712985,54997.802247013366,175.43930340274554,25.924132963914445
Delhi,2026,SA-QUBO,2,41102,0,92623,92478.46344274546,144.53655724373434,53.14476679772341,4922427.735105536,207.8358377044563,257.06011505551135,87.5098264018762,51958.95942611408,64265.02876387784,205.00113493361266,25.924132963914445
Delhi,2026,Fixed-Time,3,41103,,95627,95489.0971443571,137.90285563069088,53.229377231614194,5090165.65652757,214.91810549783108,265.81976206310645,90.49183389382348,53729.52637445777,66454.94051577662,205.32751203563012,25.924132963914445
Delhi,2026,Local-Greedy,3,41103,,95627,95495.51728258065,131.48271741228535,46.342648109758876,4431608.410791912,187.11235512232528,231.42843923024432,78.78414952518956,46778.08878058132,57857.10980756108,178.76257684014482,25.924132963914445
Delhi,2026,SA-QUBO,3,41103,0,95627,95489.0971443571,137.90285563069088,53.229377231614194,5090165.65652757,214.91810549783108,265.81976206310645,90.49183389382348,53729.52637445777,66454.94051577662,205.32751203563012,25.924132963914445
Delhi,2026,Fixed-Time,4,41104,,94485,94338.02086899086,146.97913099814454,53.46037314531109,5051203.356634718,213.27303061346637,263.7850641798131,89.79917078461722,53318.25765336659,65946.26604495327,206.2185578963285,25.924132963914445
Delhi,2026,Local-Greedy,4,41104,,94485,94339.05112467555,145.94887531805756,45.94001709541257,4340642.515260057,183.27157286653568,226.6779980191363,77.16697804906768,45817.89321663392,56669.49950478408,177.20946409031149,25.924132963914445
Delhi,2026,SA-QUBO,4,41104,0,94485,94338.02086899086,146.97913099814454,53.46037314531109,5051203.356634718,213.27303061346637,263.7850641798131,89.79917078461722,53318.25765336659,65946.26604495327,206.2185578963285,25.924132963914445
Delhi,2026,Fixed-Time,5,41105,,95002,94849.5642849402,152.43571504899552,58.57594488464902,5564831.915931426,234.959569783771,290.6078889430856,98.93034517211423,58739.89244594275,72651.97223577139,225.95141355811145,25.924132963914445
Delhi,2026,Local-Greedy,5,41105,,95002,94863.29473613526,138.70526385698852,45.69641915210844,4341251.212288606,183.29727340774116,226.70978553062722,77.17779932957522,45824.31835193529,56677.4463826568,176.26980703931883,25.924132963914445
Delhi,2026,SA-QUBO,5,41105,0,95002,94849.5642849402,152.43571504899552,58.57594488464902,5564831.915931426,234.959569783771,290.6078889430856,98.93034517211423,58739.89244594275,72651.97223577139,225.95141355811145,25.924132963914445
Delhi,2026,Fixed-Time,6,41106,,99056,98909.33199671977,146.66800326638267,53.356836563944334,5285314.80267807,223.1577361130745,276.01088413985474,93.96115204761013,55789.434028268624,69002.72103496369,205.81917489088383,25.924132963914445
Delhi,2026,Local-Greedy,6,41106,,99056,98925.22273368147,130.7772663108334,46.1550258703815,4571932.24261651,193.03713913269738,238.75646155886218,81.2787954242935,48259.28478317434,59689.115389715545,178.03884100821347,25.924132963914445
Delhi,2026,SA-QUBO,6,41106,0,99056,98909.33199671977,146.66800326638267,53.356836563944334,5285314.80267807,223.1577361130745,276.01088413985474,93.96115204761013,55789.434028268624,69002.72103496369,205.81917489088383,25.924132963914445
Delhi,2026,Fixed-Time,7,41107,,93697,93563.75986332,133.2401366696224,52.65067733666751,4933210.514413736,208.29111060857997,257.62321575271733,87.7015202562442,52072.77765214499,64405.803938179335,203.09522949120634,25.924132963914445
Delhi,2026,Local-Greedy,7,41107,,93697,93567.16392934596,129.8360706470935,45.79234048350835,4290604.926283281,181.15887466529423,224.06492392812692,76.27742091170278,45289.718666323555,56016.23098203173,176.63981490624894,25.924132963914445
Delhi,2026,SA-QUBO,7,41107,0,93697,93563.75986332,133.2401366696224,52.65067733666751,4933210.514413736,208.29111060857997,257.62321575271733,87.7015202562442,52072.77765214499,64405.803938179335,203.09522949120634,25.924132963914445
Delhi,2026,Fixed-Time,8,41108,,97343,97187.86723140818,155.13276857976345,53.241110948544055,5182649.463064124,218.82297732937374,270.6494719600154,92.13599045447332,54705.744332343435,67662.36799000384,205.37277378824572,25.924132963914445
Delhi,2026,Local-Greedy,8,41108,,97343,97201.16981559958,141.83018439225822,46.16537644556795,4493876.239340921,189.74144121661698,234.68020361002587,79.8911331438386,47435.360304154245,58670.05090250647,178.0787674165561,25.924132963914445
Delhi,2026,SA-QUBO,8,41108,0,97343,97187.86723140818,155.13276857976345,53.241110948544055,5182649.463064124,218.82297732937374,270.6494719600154,92.13599045447332,54705.744332343435,67662.36799000384,205.37277378824572,25.924132963914445
Delhi,2026,Fixed-Time,9,41109,,93761,93615.08095965454,145.9190403348387,54.14732095257677,5076906.9598345505,214.3582938596811,265.12736345802654,90.256123730392,53589.57346492028,66281.84086450664,208.86839697955605,25.924132963914445
Delhi,2026,Local-Greedy,9,41109,,93761,93631.21937625078,129.780623742178,45.84803347138869,4298757.466310875,181.50309302201487,224.49066768512347,76.42235495663778,45375.773255503715,56122.66692128087,176.85464557371185,25.924132963914445
Delhi,2026,SA-QUBO,9,41109,0,93761,93615.08095965454,145.9190403348387,54.14732095257677,5076906.9598345505,214.3582938596811,265.12736345802654,90.256123730392,53589.57346492028,66281.84086450664,208.86839697955605,25.924132963914445
Delhi,2027,Fixed-Time,0,41100,,97619,97458.24383811025,160.75616187761892,55.476712205938966,5415581.168831556,228.65787157288767,282.8136832612035,96.27699855700544,57164.46789322192,70703.42081530088,213.9964035949081,25.924132963914445
Delhi,2027,Local-Greedy,0,41100,,97619,97472.46179601422,146.53820397878286,46.4837542498883,4537697.606119846,191.591676702838,236.96865276403642,80.67017966435283,47897.919175709496,59242.1631910091,179.3068810231462,25.924132963914445
Delhi,2027,SA-QUBO,0,41100,0.2,97619,97458.5742664922,160.4257334978802,54.56824521613566,5326897.529753947,224.9134512562781,278.1824265538172,94.70040052895907,56228.36281406953,69545.60663845431,210.49207428496408,25.924132963914445
Delhi,2027,Fixed-Time,1,41101,,96585,96432.60935315097,152.39064683653487,55.66086243904686,5376004.398675341,226.98685238851476,280.7468963752678,95.57341153200606,56746.71309712869,70186.72409381694,214.7067464764395,25.924132963914445
Delhi,2027,Local-Greedy,1,41101,,96585,96447.399379631,137.60062035999192,45.825485255580595,4426054.493410252,186.87785638843226,231.1384013225354,78.68541321618227,46719.464097108066,57784.60033063385,176.76766786903997,25.924132963914445
Delhi,2027,SA-QUBO,1,41101,0.2,96585,96423.77248403667,161.22751595245907,56.05349642262886,5413926.951979608,228.58802686136085,282.7272963811573,96.24759025741525,57147.00671534021,70681.82409528932,216.22129658358685,25.924132963914445
Delhi,2027,Fixed-Time,2,41102,,94438,94295.73146759516,142.2685323927426,53.26644357787858,5030376.398607697,212.39367016343627,262.6974341495131,89.42891375302572,53098.41754085907,65674.35853737827,205.47049211645285,25.924132963914445
Delhi,2027,Local-Greedy,2,41102,,94438,94312.53609291105,125.46390708195356,45.880852892113516,4332895.985425416,182.94449716240644,226.27345701666061,77.02926196311851,45736.12429060161,56568.36425416516,176.981243523084,25.924132963914445
Delhi,2027,SA-QUBO,2,41102,0.2,94438,94290.33957859264,147.66042139964864,53.75588131204327,5076597.919346742,214.34524548352852,265.1112246769965,90.25062967727541,53586.311370882126,66277.80616924913,207.35845394277882,25.924132963914445
Delhi,2027,Fixed-Time,3,41103,,97444,97287.28935429078,156.71064569606057,53.61186454822274,5224154.529037016,220.57541344822937,272.81695873859974,92.8738582939914,55143.85336205734,68204.23968464993,206.80292229193824,25.924132963914445
Delhi,2027,Local-Greedy,3,41103,,97444,97298.28670782813,145.71329216312992,46.601096213741606,4540997.219451837,191.7309937101886,237.14096590470703,80.72883945692155,47932.74842754715,59285.24147617676,179.75951704386347,25.924132963914445
Delhi,2027,SA-QUBO,3,41103,0.2,97444,97286.93513826394,157.06486172351583,53.9407523350438,5256202.670536008,221.92855720041004,274.4905839057693,93.44360303175125,55482.13930010251,68622.64597644233,208.0715772061792,25.924132963914445
Delhi,2027,Fixed-Time,4,41104,,96690,96536.39672336953,153.60327661826892,53.52447108118817,5175281.108840084,218.5118690399149,270.2646801283155,92.00499749049038,54627.96725997872,67566.17003207887,206.46580989108682,25.924132963914445
Delhi,2027,Local-Greedy,4,41104,,96690,96550.3125040305,139.68749596211467,45.98431558209868,4446223.473633122,187.72943555339887,232.19167028972967,79.04397286458882,46932.35888834972,58047.917572432416,177.3803414992022,25.924132963914445
Delhi,2027,SA-QUBO,4,41104,0.2,96690,96537.53320703622,152.46679295407756,52.5687099830558,5082868.568261665,214.61000621549212,265.4386918981092,90.36210788020739,53652.50155387303,66359.6729745273,202.77904783249545,25.924132963914445
Delhi,2027,Fixed-Time,5,41105,,97006,96847.27039850297,158.72960148469446,61.68889647080172,5984193.091046592,252.6659305108554,312.50786142132205,106.38565495193942,63166.48262771385,78126.96535533051,237.9593429669207,25.924132963914445
Delhi,2027,Local-Greedy,5,41105,,97006,96858.4849514223,147.51504856766792,45.82895356523897,4445683.469549571,187.70663538098177,232.16347007647758,79.03437279199237,46926.65884524544,58040.8675191194,176.78104656009668,25.924132963914445
Delhi,2027,SA-QUBO,5,41105,0.2,97006,96843.76602901293,162.23397097673063,62.62100566605044,6074613.275640889,256.4836716381714,317.2298043945798,107.99312490028248,64120.917909542855,79307.45109864495,241.5548699476926,25.924132963914445
Delhi,2027,Fixed-Time,6,41106,,100777,100622.07319296527,154.9268070200925,53.54556281901168,5396161.18421154,227.83791666670894,281.79952850882484,95.93175438598293,56959.479166677236,70449.8821272062,206.5471693635632,25.924132963914445
Delhi,2027,Local-Greedy,6,41106,,100777,100636.75298538248,140.24701460925303,46.31003264993449,4666986.160362449,197.05052677085868,243.72038837448343,82.96864285088797,49262.63169271467,60930.09709362086,178.63676565151306,25.924132963914445
Delhi,2027,SA-QUBO,6,41106,0.2,100777,100617.97095715879,159.02904282932099,54.12988405564059,5455047.325475291,230.32422040895668,284.87469366370965,96.97861911956075,57581.05510223917,71218.6734159274,208.80113572549422,25.924132963914445
Delhi,2027,Fixed-Time,7,41107,,95576,95422.86493984044,153.1350601468024,52.996031117227794,5065148.670060163,213.86183273587343,264.51331943647523,90.04708746773625,53465.45818396836,66128.3298591188,204.42740048817274,25.924132963914445
Delhi,2027,Local-Greedy,7,41107,,95576,95436.07592121969,139.92407877381265,45.831636871503825,4380404.525630849,184.9504133044138,228.75445856072213,77.87385823343732,46237.603326103446,57188.61464018053,176.79139717150804,25.924132963914445
Delhi,2027,SA-QUBO,7,41107,0.2,95576,95419.10154939869,156.89845059300518,53.38279179869618,5102113.708952187,215.42257882242555,266.44371591194755,90.70424371470556,53855.644705606384,66610.92897798689,205.91929486321996,25.924132963914445
Delhi,2027,Fixed-Time,8,41108,,99263,99103.43376819124,159.56623179456705,53.532622140229606,5313808.671505611,224.36081057468124,277.49889728973744,94.4677097156553,56090.20264367031,69374.72432243435,206.49725186468254,25.924132963914445
Delhi,2027,Local-Greedy,8,41108,,99263,99115.32158887501,147.6784111147047,46.335695010519366,4599420.093829184,194.19773729501006,240.1919382333018,81.76746833474105,48549.43432375252,60047.98455832545,178.73575588821873,25.924132963914445
Delhi,2027,SA-QUBO,8,41108,0.2,99263,99095.18289143058,167.81710855657687,54.05393927214313,5365556.173970744,226.5457051232096,280.20126686291667,95.38766531503546,56636.4262808024,70050.31671572916,208.5081855867059,25.924132963914445
Delhi,2027,Fixed-Time,9,41109,,95983,95834.58721457039,148.41278541730344,54.05875566798977,5188721.545280662,219.07935413407236,270.966569586879,92.24393858276733,54769.838533518094,67741.64239671975,208.5267643983998,25.924132963914445
Delhi,2027,Local-Greedy,9,41109,,95983,95847.16142635194,135.83857364168387,46.11870284148661,4426611.454834409,186.90137253745286,231.1674870857969,78.69531475261171,46725.34313436321,57791.87177144922,177.89872820696587,25.924132963914445
Delhi,2027,SA-QUBO,9,41109,0.2,95983,95830.08058621633,152.91941377361962,54.09392253467586,5192096.966645793,219.2218719250445,271.14284159150253,92.30394607370299,54805.46798126112,67785.71039787563,208.66241740841576,25.924132963914445
Delhi,2028,Fixed-Time,0,41100,,99509,99341.34372178838,167.65627819802944,57.51598816148324,5723358.465961036,241.6529130072436,298.8864976668541,101.74859495041842,60413.2282518109,74721.62441671353,221.86272629269277,25.924132963914445
Delhi,2028,Local-Greedy,0,41100,,99509,99357.78232444008,151.2176755507338,46.33530826662765,4610780.190303851,194.67738581282964,240.78518771586775,81.9694256054018,48669.34645320741,60196.296928966935,178.73426405860866,25.924132963914445
Delhi,2028,SA-QUBO,0,41100,0.5,99509,99339.87854807283,169.12145191976805,56.895115272904114,5661576.025691415,239.04432108474907,295.6600813416628,100.65024045673627,59761.08027118727,73915.0203354157,219.46776523674012,25.924132963914445
Delhi,2028,Fixed-Time,1,41101,,98568,98396.87524753404,171.124752452615,56.42718834429615,5561915.1007205825,234.83641536375765,290.45556637096377,98.87849067947703,58709.10384093941,72613.89159274094,217.66277939879785,25.924132963914445
Delhi,2028,Local-Greedy,1,41101,,98568,98412.40177189329,155.5982281001163,46.168945455196905,4550780.615627849,192.14407043761983,237.65187659389875,80.90276650005065,48036.01760940496,59412.96914847469,178.0925345486485,25.924132963914445
Delhi,2028,SA-QUBO,1,41101,0.5,98568,98389.946788812,178.05321117986517,57.94332518212332,5711357.676551531,241.14621300995395,298.25978977546885,101.53524758313834,60286.55325248849,74564.94744386722,223.5111402289849,25.924132963914445
Delhi,2028,Fixed-Time,2,41102,,96154,96011.74916790529,142.2508320836798,54.2393369182698,5215329.202039314,220.20278853054796,272.356080550942,92.71696359181004,55050.69713263699,68089.0201377355,209.22334025122154,25.924132963914445
Delhi,2028,Local-Greedy,2,41102,,96154,96025.8183505258,128.18164946772632,45.667646353917775,4391126.867514609,185.40313440617248,229.3144030813185,78.06447764470417,46350.783601543124,57328.60077032962,176.15881857065636,25.924132963914445
Delhi,2028,SA-QUBO,2,41102,0.5,96154,95998.33897960084,155.66102039211316,53.62049500857791,5155825.0770548005,217.6903921423133,269.2486429128618,91.65911248097423,54422.598035578325,67312.16072821544,206.83621351277554,25.924132963914445
Delhi,2028,Fixed-Time,3,41103,,99413,99271.74234850008,141.257651487709,53.70644382118558,5339118.699595522,225.4294562051439,278.8206432010995,94.91766577058706,56357.36405128598,69705.16080027487,207.1677532897367,25.924132963914445
Delhi,2028,Local-Greedy,3,41103,,99413,99288.66365604848,124.33634394151309,46.650324442330806,4637648.7037854325,195.81183415982883,242.18832119768368,82.44708806729658,48952.95853995721,60547.08029942092,179.94941048661707,25.924132963914445
Delhi,2028,SA-QUBO,3,41103,0.5,99413,99268.50379749668,144.49620249440412,53.4455588054437,5313183.3375255745,224.33440758441276,277.4662409596689,94.45659266712133,56083.60189610319,69366.56023991722,206.16141291914445,25.924132963914445
Delhi,2028,Fixed-Time,4,41104,,98483,98337.46685301696,145.53314696873542,53.892228896440386,5307468.378408139,224.09310931056535,277.1677930946472,94.35499339392246,56023.277327641335,69291.94827366181,207.8844024271,25.924132963914445
Delhi,2028,Local-Greedy,4,41104,,98483,98348.19124956235,134.80875042862252,46.320698015015,4561801.302612722,192.60938833253684,238.22740135866437,81.09868982422617,48152.34708313421,59556.85033966609,178.67790633342264,25.924132963914445
Delhi,2028,SA-QUBO,4,41104,0.5,98483,98328.98349779421,154.01650219739201,53.91446220316313,5309657.981154115,224.18555920428463,277.282139015826,94.39391966496204,56046.38980107116,69320.5347539565,207.97016539843523,25.924132963914445
Delhi,2028,Fixed-Time,5,41105,,98941,98795.29077155075,145.7092284351924,64.22162190837895,6354151.493236922,268.28639638111537,331.8279113134837,112.96269321310083,67071.59909527884,82956.97782837093,247.72910244586916,25.924132963914445
Delhi,2028,Local-Greedy,5,41105,,98941,98801.61199703086,139.3880029601453,46.2681479494087,4577816.826262446,193.28559933108113,239.0637675937055,81.38341024466571,48321.39983277028,59765.941898426376,178.47519920458848,25.924132963914445
Delhi,2028,SA-QUBO,5,41105,0.5,98941,98797.26079533015,143.73920466240568,53.82281615893899,5325283.253581583,224.8452929290006,278.098125464816,94.67170228589481,56211.32323225015,69524.531366204,207.61664906540406,25.924132963914445
Delhi,2028,Fixed-Time,6,41106,,102739,102563.71723032893,175.28276965622348,53.75942750366176,5523189.822298706,233.20134805261205,288.43324627559906,98.19004128531031,58300.33701315301,72108.31156889976,207.37213305645804,25.924132963914445
Delhi,2028,Local-Greedy,6,41106,,102739,102567.75376184734,171.24623814448552,46.52235212603361,4779659.935076567,201.807863925455,249.6044632762207,84.97173217913897,50451.96598136375,62401.11581905518,179.45576884207168,25.924132963914445
Delhi,2028,SA-QUBO,6,41106,0.5,102739,102549.69751297303,189.30248701829328,54.98237027486132,5648833.7396689765,238.50631345268985,294.99465084937987,100.42371092744847,59626.57836317246,73748.66271234497,212.08952427220993,25.924132963914445
Delhi,2028,Fixed-Time,7,41107,,97553,97388.4426070768,164.55739291064504,53.32626470766553,5202137.101026895,219.64578871002468,271.6671597202934,92.48243735158925,54911.44717750617,67916.78993007336,205.7012467182373,25.924132963914445
Delhi,2028,Local-Greedy,7,41107,,97553,97402.70558011721,150.2944198752822,45.963180751912255,4483846.171891296,189.31794947985398,234.1564111987677,79.71282083362304,47329.48736996349,58539.10279969192,177.29881580183036,25.924132963914445
Delhi,2028,SA-QUBO,7,41107,0.5,97553,97373.6570723441,179.34292764902128,54.60492333955675,5326874.08654378,224.91246143184898,278.1812022972863,94.69998376077831,56228.11535796225,69545.30057432158,210.63355683125465,25.924132963914445
Delhi,2028,Fixed-Time,8,41108,,101093,100937.04312307289,155.95687691234806,53.46750311742403,5405190.292649748,228.21914568965587,282.2710486161535,96.09227186932885,57054.78642241397,70567.76215403837,206.2460611193789,25.924132963914445
Delhi,2028,Local-Greedy,8,41108,,101093,100948.74977087347,144.25022911644882,46.35982103968525,4686653.388364901,197.8809208420737,244.7474547257226,83.31828245982047,49470.23021051842,61186.86368143065,178.8288198653225,25.924132963914445
Delhi,2028,SA-QUBO,8,41108,0.5,101093,100924.8565891207,168.1434108693006,53.20441782077367,5378594.210755473,227.09620000967584,280.8821421172303,95.61945263565285,56774.05000241896,70220.53552930757,205.23123336403384,25.924132963914445
Delhi,2028,Fixed-Time,9,41109,,97870,97716.47528504471,153.52471494213,55.6154803396939,5443087.060845843,229.81923145793553,284.250102066394,96.76599219281499,57454.80786448388,71062.5255165985,214.53168912961854,25.924132963914445
Delhi,2028,Local-Greedy,9,41109,,97870,97731.0568725481,138.9431274450988,46.36665163006021,4537904.195033993,191.60039934587988,236.97944129621962,80.67385235615987,47900.09983646997,59244.860324054906,178.85516825037539,25.924132963914445
Delhi,2028,SA-QUBO,9,41109,0.5,97870,97701.21450864166,168.78549135124854,56.512553894120764,5530883.649617599,233.52619853940928,288.83503503558575,98.3268204376462,58381.54963485232,72208.75875889644,217.99206929228612,25.924132963914445
Delhi,2029,Fixed-Time,0,41100,,101536,101361.71541867744,174.28458130807567,57.69738430546958,5858361.61284016,247.35304587547333,305.936662003875,104.14865089493618,61838.26146886833,76484.16550096875,222.56244552434012,25.924132963914445
Delhi,2029,Local-Greedy,0,41100,,101536,101377.52898476501,158.47101522586976,46.667357017343264,4738416.762112966,200.0664855114361,247.450653132566,84.23852021534162,50016.621377859025,61862.663283141505,180.0151121053989,25.924132963914445
Delhi,2029,SA-QUBO,0,41100,0.8,101536,101357.53001322215,178.46998677188867,54.2657448041161,5509926.664430733,232.64134805374266,287.7406146980494,97.95425181210193,58160.33701343567,71935.15367451234,209.3252062842459,25.924132963914445
Delhi,2029,Fixed-Time,1,41101,,100704,100534.92809524885,169.07190473592223,57.22752742416642,5763040.921723255,243.32839447275921,300.9588036899922,102.45406083063564,60832.098618189804,75239.70092249804,220.75001506829673,25.924132963914445
Delhi,2029,Local-Greedy,1,41101,,100704,100556.9870677333,147.01293225756172,46.32313051615977,4664924.535499354,196.96348038775045,243.61272574274406,82.93199174221074,49240.870096937615,60903.18143568601,178.68728948674993,25.924132963914445
Delhi,2029,SA-QUBO,1,41101,0.8,100704,100525.93126998203,178.06873001039668,59.155382948085375,5957183.684403989,251.52553334150224,311.09737018554165,105.90548772273759,62881.38333537556,77774.34254638541,228.18654352077175,25.924132963914445
Delhi,2029,Fixed-Time,2,41102,,98000,97848.02797352796,151.9720264578263,54.314766499592075,5322847.1169600235,224.7424338272008,277.9709049968012,94.62839319040042,56185.608456800204,69492.7262492003,209.5143030441808,25.924132963914445
Delhi,2029,Local-Greedy,2,41102,,98000,97861.66645954554,138.33354044585863,45.86423567208106,4494695.095863944,189.77601515869992,234.7229661173393,79.90569059313678,47444.00378967498,58680.741529334824,176.91714409859952,25.924132963914445
Delhi,2029,SA-QUBO,2,41102,0.8,98000,97841.3976009582,158.60239903666027,54.470077730289496,5338067.617568371,225.3850771862201,278.7657533619038,94.89897986788216,56346.26929655502,69691.43834047596,210.11340208025504,25.924132963914445
Delhi,2029,Fixed-Time,3,41103,,101757,101573.38879396854,183.61120601695868,56.21555588228697,5720326.319913875,241.52488906303077,298.72815226216903,101.69469013180223,60381.22226575769,74682.03806554226,216.84642630300192,25.924132963914445
Delhi,2029,Local-Greedy,3,41103,,101757,101591.72113663082,165.27886336054394,47.05327007801241,4787999.603328309,202.15998325164003,250.03997928492282,85.11999294805884,50539.995812910005,62509.994821230706,181.50373685981722,25.924132963914445
Delhi,2029,SA-QUBO,3,41103,0.8,101757,101572.74125163566,184.25874835737102,54.648959926800735,5560914.215271463,234.79415575590647,290.40329790862086,98.86069716038156,58698.53893897662,72600.82447715521,210.80342398671664,25.924132963914445
Delhi,2029,Fixed-Time,4,41104,,100354,100203.58218565237,150.41781433275358,53.99770790203207,5418885.978800526,228.7974079938005,282.9862677818052,96.33575073423157,57199.351998450125,70746.56694545131,208.29127815844458,25.924132963914445
Delhi,2029,Local-Greedy,4,41104,,100354,100211.96787248063,142.03212751139682,46.39779305794047,4656204.124536558,196.59528525821045,243.1573265035758,82.77696221398325,49148.82131455261,60789.33162589395,178.9752934939992,25.924132963914445
Delhi,2029,SA-QUBO,4,41104,0.8,100354,100193.84597422807,160.154025766529,54.81688153353726,5501093.329416598,232.268385019812,287.2793183139779,97.79721474518398,58067.096254953,71819.82957849448,211.45116640869182,25.924132963914445
Delhi,2029,Fixed-Time,5,41105,,100848,100686.16257425796,161.8374257278035,65.0004711696895,6555167.516520847,276.77373958643574,342.3254147516442,116.53631140481505,69193.43489660893,85581.35368791105,250.7334430824285,25.924132963914445
Delhi,2029,Local-Greedy,5,41105,,100848,100698.15866839925,149.8413315926186,46.37949075568662,4677278.883729484,197.48510842413384,244.25789726142858,83.15162459963527,49371.27710603346,61064.47431535715,178.90469401713597,25.924132963914445
Delhi,2029,SA-QUBO,5,41105,0.8,100848,100676.83912572222,171.1608742725271,54.60938926971595,5507247.689072314,232.5282357608315,287.6007126515542,97.9066255835078,58132.05894020788,71900.17816288855,210.65078375323273,25.924132963914445
Delhi,2029,Fixed-Time,6,41106,,104906,104741.62301012634,164.37698985796425,55.16572512121948,5787215.559566651,244.34910140392537,302.22125699959173,102.88383217007379,61087.27535098134,75555.31424989793,212.79679902123777,25.924132963914445
Delhi,2029,Local-Greedy,6,41106,,104906,104755.11563580393,150.8843641859329,46.57109661302883,4885587.461286402,206.28035947653694,255.13623408940103,86.85488820064715,51570.08986913424,63784.05852235026,179.6437962953449,25.924132963914445
Delhi,2029,SA-QUBO,6,41106,0.8,104906,104738.68999583206,167.3100041624827,56.6293504135892,5940758.634487988,250.83203123393736,310.23961757881716,105.61348683534202,62708.00780848434,77559.9043947043,218.44260131058357,25.924132963914445
Delhi,2029,Fixed-Time,7,41107,,99291,99126.92601689321,164.0739830929657,53.5255714426186,5314607.514109043,224.39453948460414,277.5406146256945,94.48191136193854,56098.634871151036,69385.15365642363,206.4700544358589,25.924132963914445
Delhi,2029,Local-Greedy,7,41107,,99291,99141.64842590877,149.35157408354357,46.18074348077277,4585332.200949409,193.6029151511974,239.45623716069136,81.51701690576728,48400.72878779935,59864.05929017284,178.13804436605412,25.924132963914445
Delhi,2029,SA-QUBO,7,41107,0.8,99291,99123.61449799933,167.3855019963566,54.105101026087155,5372149.58598122,226.8240936303181,280.5455894901304,95.50488152855502,56706.02340757952,70136.39737253259,208.7055374287723,25.924132963914445
Delhi,2029,Fixed-Time,8,41108,,103080,102910.8533039366,169.14669604852645,54.60698428492748,5628887.940090325,237.66415747048,293.95303687138363,100.06911893493911,59416.039367620004,73488.2592178459,210.64150674176312,25.924132963914445
Delhi,2029,Local-Greedy,8,41108,,103080,102923.71199583962,156.2880041504002,46.4711686864204,4790248.068196215,202.25491843495075,250.15739911691347,85.1599656568216,50563.72960873769,62539.34977922837,179.25833334949624,25.924132963914445
Delhi,2029,SA-QUBO,8,41108,0.8,103080,102892.18016792381,187.81983207119245,54.187308344134976,5585627.744113433,235.83761586256674,291.6938933037015,99.30004878423881,58959.403965641686,72923.47332592537,209.02264472860853,25.924132963914445
Delhi,2029,Fixed-Time,9,41109,,99797,99639.65068991907,157.34931006752097,54.85535304814347,5474399.668145574,231.14131932170207,285.8853160031577,97.32266076703242,57785.329830425515,71471.32900078942,211.59956679940015,25.924132963914445
Delhi,2029,Local-Greedy,9,41109,,99797,99650.42262517539,146.57737481644097,46.26702211434049,4617310.005944838,194.95308913989317,241.12618919934155,82.08551121679713,48738.27228497329,60281.54729983539,178.47085639756085,25.924132963914445
Delhi,2029,SA-QUBO,9,41109,0.8,99797,99625.36700222323,171.63299777262463,54.55214946282669,5444140.859941715,229.86372519753948,284.3051337969562,96.78472639896383,57465.93129938487,71076.28344923905,210.42998637123765,25.924132963914445
Delhi,2030,Fixed-Time,0,41100,,103489,103328.10902383445,160.8909761494801,62.71156391633001,6489957.038137076,274.0204082768986,338.91997865826954,115.37701401132581,68505.10206922465,84729.99466456739,241.9041902138925,25.924132963914445
Delhi,2030,Local-Greedy,0,41100,,103489,103337.84978783094,151.15021216121147,46.627167645388646,4825398.952453625,203.73906688137447,251.99305640591155,85.78487026584223,50934.766720343614,62998.264101477886,179.8600852352214,25.924132963914445
Delhi,2030,SA-QUBO,0,41100,1,103489,103314.32205925813,174.67794074089068,55.419038445576376,5735260.869694253,242.1554589426462,299.5080676395888,101.96019323900896,60538.86473566155,74877.0169098972,213.77393227660835,25.924132963914445
Delhi,2030,Fixed-Time,1,41101,,102509,102350.30163052601,158.69836945878592,58.45016787751528,5991668.2589562135,252.98154871148463,312.89823130104674,106.51854682588825,63245.38717787116,78224.55782526168,225.46624012026174,25.924132963914445
Delhi,2030,Local-Greedy,1,41101,,102509,102360.05717021973,148.94282977139125,46.48916976873783,4765558.3038235465,201.21246171699394,248.86804475522965,84.7210365124186,50303.115429248486,62217.01118880741,179.32777089767768,25.924132963914445
Delhi,2030,SA-QUBO,1,41101,1,102509,102334.18510058828,174.81489941035932,55.27752459096337,5666443.768295064,239.2498479946802,295.91428567763114,100.73677810302337,59812.46199867005,73978.57141940779,213.22805537183402,25.924132963914445
Delhi,2030,Fixed-Time,2,41102,,100277,100110.66997264983,166.3300273360516,55.209727482708644,5536265.842783575,233.75344669530654,289.11610512314223,98.422503871708,58438.361673826636,72279.02628078556,212.96653415394377,25.924132963914445
Delhi,2030,Local-Greedy,2,41102,,100277,100124.30205790322,152.6979420886522,45.86808626652169,4599514.086547996,194.2017058764708,240.1968467419509,81.76913931640883,48550.4264691177,60049.211685487724,176.93199741865462,25.924132963914445
Delhi,2030,SA-QUBO,2,41102,1,100277,100100.93622401939,176.06377597822816,55.25827901500302,5541134.444787458,233.9590098910262,289.3703543389006,98.50905679622147,58489.75247275655,72342.58858472515,213.15381730189682,25.924132963914445
Delhi,2030,Fixed-Time,3,41103,,103458,103309.07149744105,148.9285025436641,57.21648024024159,5919502.612694914,249.9345547582304,309.1295808851789,105.23560200346515,62483.6386895576,77282.39522129472,220.70740155470224,25.924132963914445
Delhi,2030,Local-Greedy,3,41103,,103458,103325.20566492964,132.7943350602771,47.18678249009256,4881850.142859996,206.12256158742176,254.94106301602204,86.78844698417772,51530.64039685544,63735.26575400551,182.01874892315604,25.924132963914445
Delhi,2030,SA-QUBO,3,41103,1,103458,103304.06458628313,153.93541371401267,55.50020814912408,5741940.534692079,242.43748924255462,299.85689458947525,102.07894283897029,60609.37231063865,74964.22364736881,214.08703707228537,25.924132963914445
Delhi,2030,Fixed-Time,4,41104,,102230,102074.25093279162,155.74906719348905,55.241752339627794,5647364.34168015,238.444272204273,294.9179156210745,100.397588296536,59611.06805106825,73729.47890526862,213.0900671452447,25.924132963914445
Delhi,2030,Local-Greedy,4,41104,,102230,102084.60064172269,145.39935826750826,46.57644550305877,4761510.023777698,201.04153433728052,248.65663457505758,84.6490670893813,50260.38358432013,62164.15864376439,179.66442915522646,25.924132963914445
Delhi,2030,SA-QUBO,4,41104,1,102230,102060.99691734943,169.0030826482706,54.949620886105656,5617499.743186581,237.18332249010064,293.3583199219659,99.86666210109478,59295.83062252516,73339.57998049149,211.9631964648297,25.924132963914445
Delhi,2030,Fixed-Time,5,41105,,103001,102829.35489530952,171.64510467585436,69.3395044021369,7142038.292924502,301.55272792347864,372.973110852724,126.96956965199115,75388.18198086966,93243.277713181,267.4708716339915,25.924132963914445
Delhi,2030,Local-Greedy,5,41105,,103001,102847.51130966844,153.48869032081888,46.52437304591046,4792056.948101823,202.33129336429892,250.25186284531745,85.1921235218102,50582.82334107473,62562.965711329365,179.46356435785484,25.924132963914445
Delhi,2030,SA-QUBO,5,41105,1,103001,102817.89613478625,183.10386521126082,55.052190388955154,5670430.66225277,239.41818351733966,296.1224901398669,100.80765621782703,59854.54587933492,74030.62253496672,212.35884905229432,25.924132963914445
Delhi,2030,Fixed-Time,6,41106,,106932,106763.56936951284,168.43063047076134,54.827660941952125,5862831.439844824,247.5417719045591,306.1700863030075,104.22811448613022,61885.44297613978,76542.52157575187,211.49274700245692,25.924132963914445
Delhi,2030,Local-Greedy,6,41106,,106932,106771.53201853296,160.4679814579458,46.700370528370605,4993764.021339726,210.84781423434384,260.78545444774124,88.77802704603957,52711.95355858596,65196.36361193531,180.142458740572,25.924132963914445
Delhi,2030,SA-QUBO,6,41106,1,106932,106747.2365987889,184.76340120812117,54.94547426587993,5875429.454199073,248.07368806618274,306.8279826081738,104.45207918576129,62018.422016545686,76706.99565204345,211.94720125206217,25.924132963914445
Delhi,2030,Fixed-Time,7,41107,,101317,101148.4490130195,168.5509869661152,54.50435806110441,5522218.045676916,233.16031748413616,288.38249794090564,98.17276525647851,58290.07937103404,72095.6244852264,210.24563535826914,25.924132963914445
Delhi,2030,Local-Greedy,7,41107,,101317,101161.5554516705,155.44454832180708,46.08722309818264,4669419.182638571,197.15325437807255,243.8474462044587,83.01189658024126,49288.313594518135,60961.86155111467,177.77729794217058,25.924132963914445
Delhi,2030,SA-QUBO,7,41107,1,101317,101147.40580638262,169.59419361469236,54.96258450829856,5568644.174627285,235.12053181759651,290.80697356386935,98.99811866004063,58780.13295439913,72701.74339096734,212.01320246584407,25.924132963914445
Delhi,2030,Fixed-Time,8,41108,,105245,105064.44540226685,180.55459771527487,54.771474228564955,5764423.805185319,243.38678288560223,301.03102093745554,102.47864542551677,60846.69572140056,75257.75523436388,211.2760118334722,25.924132963914445
Delhi,2030,Local-Greedy,8,41108,,105245,105074.05023856513,170.9497614249168,46.78863167968645,4924269.541128601,207.91360284765216,257.1562982589381,87.54256962006403,51978.40071191304,64289.07456473452,180.48291815512098,25.924132963914445
Delhi,2030,SA-QUBO,8,41108,1,105245,105060.56419657641,184.43580341996574,54.981026019235344,5786478.083394424,244.31796352109728,302.18274435504213,102.87072148256753,61079.49088027432,75545.68608876053,212.08433892762065,25.924132963914445
Delhi,2030,Fixed-Time,9,41109,,101874,101710.75115208748,163.24884789688866,57.990320132348074,5907705.873162827,249.43647020020828,308.51352893183656,105.02588218956139,62359.11755005207,77128.38223295913,223.69241900228147,25.924132963914445
Delhi,2030,Local-Greedy,9,41109,,101874,101724.34317155577,149.6568284356018,46.43371508810125,4730388.290885227,199.7275056151538,247.0313885240063,84.0957918379596,49931.876403788454,61757.847131001574,179.11385947887044,25.924132963914445
Delhi,2030,SA-QUBO,9,41109,1,101874,101700.8195857199,173.18041427646406,55.33043142703251,5636732.37119751,237.9953667838944,294.3626904958699,100.20857548795573,59498.841695973606,73590.67262396748,213.43213871048525,25.924132963914445
Los Angeles,2025,Fixed-Time,0,41200,,90969,90831.91779090099,137.08220909193628,55.18217722040555,5019867.479563072,211.94996024821904,262.14863504384937,89.24208852556573,52987.49006205476,65537.15876096234,131.917015942058,41.830977471961056
Los Angeles,2025,Local-Greedy,0,41200,,90969,90832.6646048495,136.33539514625696,49.44377169201297,4497850.467050728,189.90924194214216,234.88774661264912,79.96178608090183,47477.31048553554,58721.93665316228,118.1989393509982,41.830977471961056
Los Angeles,2025,SA-QUBO,0,41200,0,90969,90831.91779090099,137.08220909193628,55.18217722040555,5019867.479563072,211.94996024821904,262.14863504384937,89.24208852556573,52987.49006205476,65537.15876096234,131.917015942058,41.830977471961056
Los Angeles,2025,Fixed-Time,1,41201,,89457,89298.81960208504,158.18039790915458,55.15603697080486,4934093.599297291,208.32839641477432,257.6693324077474,87.71721954306295,52082.09910369358,64417.33310193685,131.85452577046635,41.830977471961056
Los Angeles,2025,Local-Greedy,1,41201,,89457,89303.11733887283,153.8826611220285,49.49161183484891,4427371.119910079,186.93344728509214,231.20715848419303,78.70881990951251,46733.361821273036,57801.78962104826,118.31330469870734,41.830977471961056
Los Angeles,2025,SA-QUBO,1,41201,0,89457,89298.81960208504,158.18039790915458,55.15603697080486,4934093.599297291,208.32839641477432,257.6693324077474,87.71721954306295,52082.09910369358,64417.33310193685,131.85452577046635,41.830977471961056
Los Angeles,2025,Fixed-Time,2,41202,,90410,90269.73175557365,140.26824442155515,54.983870953373625,4971091.772894509,209.89054152221297,259.60145925115773,88.37496485145795,52472.63538055324,64900.364812789434,131.44295035952442,41.830977471961056
Los Angeles,2025,Local-Greedy,2,41202,,90410,90282.12356831638,127.87643167822614,49.62078552767071,4486215.219556709,189.41797593683827,234.2801281324059,79.7549372365637,47354.49398420957,58570.032033101474,118.62210382468614,41.830977471961056
Los Angeles,2025,SA-QUBO,2,41202,0,90410,90269.73175557365,140.26824442155515,54.983870953373625,4971091.772894509,209.89054152221297,259.60145925115773,88.37496485145795,52472.63538055324,64900.364812789434,131.44295035952442,41.830977471961056
Los Angeles,2025,Fixed-Time,3,41203,,86129,85990.23034990949,138.76965008703013,54.718365937093495,4712838.1397959255,198.98649923582718,246.1148806337872,83.78378915192756,49746.624808956796,61528.720158446806,130.80824126993147,41.830977471961056
Los Angeles,2025,Local-Greedy,3,41203,,86129,85988.28595593823,140.71404405921226,49.2443994441613,4241370.879726169,179.08010381066035,221.49381260792214,75.40214897290967,44770.025952665084,55373.45315198053,117.72232546363374,41.830977471961056
Los Angeles,2025,SA-QUBO,3,41203,0,86129,85990.23034990949,138.76965008703013,54.718365937093495,4712838.1397959255,198.98649923582718,246.1148806337872,83.78378915192756,49746.624808956796,61528.720158446806,130.80824126993147,41.830977471961056
Los Angeles,2025,Fixed-Time,4,41204,,91261,91117.45151533776,143.54848465677898,55.02541553154311,5021674.446824156,212.0262544214649,262.2429988897059,89.274212387985,53006.563605366224,65560.74972242648,131.54226570112107,41.830977471961056
Los Angeles,2025,Local-Greedy,4,41204,,91261,91120.18155484347,140.8184451508997,49.5664131699117,4523480.432299311,190.99139603041553,236.22620035340847,80.41742990754331,47747.84900760388,59056.550088352116,118.49212274118058,41.830977471961056
Los Angeles,2025,SA-QUBO,4,41204,0,91261,91117.45151533776,143.54848465677898,55.02541553154311,5021674.446824156,212.0262544214649,262.2429988897059,89.274212387985,53006.563605366224,65560.74972242648,131.54226570112107,41.830977471961056
Los Angeles,2025,Fixed-Time,5,41205,,90538,90403.36483439214,134.63516560123657,55.23282722307113,5000669.711122414,211.13938780294583,261.1460849141705,88.90079486439848,52784.84695073646,65286.521228542624,132.03809846445307,41.830977471961056
Los Angeles,2025,Local-Greedy,5,41205,,90538,90410.10818004278,127.89181995328968,49.61667115555188,4492194.173081356,189.67042064121222,234.59236237202637,79.86122974366855,47417.60516030306,58648.09059300659,118.612268118309,41.830977471961056
Los Angeles,2025,SA-QUBO,5,41205,0,90538,90403.36483439214,134.63516560123657,55.23282722307113,5000669.711122414,211.13938780294583,261.1460849141705,88.90079486439848,52784.84695073646,65286.521228542624,132.03809846445307,41.830977471961056
Los Angeles,2025,Fixed-Time,6,41206,,90235,90074.72867715372,160.2713228402926,54.78368927683271,4943406.2018949995,208.7215951911218,258.1556572100722,87.88277692257778,52180.39879778045,64538.91430251805,130.96440147389276,41.830977471961056
Los Angeles,2025,Local-Greedy,6,41206,,90235,90082.56436108594,152.43563890947985,49.63516922870052,4478829.495351791,189.10613424818723,233.89442920170467,79.62363547292074,47276.53356204681,58473.60730042616,118.65648911018286,41.830977471961056
Los Angeles,2025,SA-QUBO,6,41206,0,90235,90074.72867715372,160.2713228402926,54.78368927683271,4943406.2018949995,208.7215951911218,258.1556572100722,87.88277692257778,52180.39879778045,64538.91430251805,130.96440147389276,41.830977471961056
Los Angeles,2025,Fixed-Time,7,41207,,89005,88868.63697531732,136.363024677817,55.19665928522181,4912778.659681167,207.4284322976491,256.556218894461,87.33828728322075,51857.108074412274,64139.05472361525,131.95163637335432,41.830977471961056
Los Angeles,2025,Local-Greedy,7,41207,,89005,88874.67550855815,130.32449143743477,49.03457256366983,4364322.131029434,184.27137886568698,227.91460017598152,77.58794899607882,46067.84471642174,56978.65004399538,117.22071901508227,41.830977471961056
Los Angeles,2025,SA-QUBO,7,41207,0,89005,88868.63697531732,136.363024677817,55.19665928522181,4912778.659681167,207.4284322976491,256.556218894461,87.33828728322075,51857.108074412274,64139.05472361525,131.95163637335432,41.830977471961056
Los Angeles,2025,Fixed-Time,8,41208,,91813,91667.27882976475,145.7211702272441,55.1286300729116,5061524.912884233,213.70882965511223,264.32407878395435,89.98266511794192,53427.20741377806,66081.0196959886,131.7890075838267,41.830977471961056
Los Angeles,2025,Local-Greedy,8,41208,,91813,91672.48182371697,140.5181762780785,49.39665408499365,4535255.001505522,191.48854450801136,236.84109452306615,80.62675558232038,47872.13612700284,59210.27363076654,118.08630127781213,41.830977471961056
Los Angeles,2025,SA-QUBO,8,41208,0,91813,91667.27882976475,145.7211702272441,55.1286300729116,5061524.912884233,213.70882965511223,264.32407878395435,89.98266511794192,53427.20741377806,66081.0196959886,131.7890075838267,41.830977471961056
Los Angeles,2025,Fixed-Time,9,41209,,91311,91160.89634313787,150.1036568553492,55.19557033356098,5039962.722727787,212.7984260707286,263.19805329800664,89.59933729293844,53199.60651768215,65799.51332450166,131.9490331550538,41.830977471961056
Los Angeles,2025,Local-Greedy,9,41209,,91311,91169.66386340003,141.33613659548882,49.64606178680153,4533231.547814635,191.4031097966179,236.73542527476422,80.59078307226017,47850.77744915448,59183.856318691054,118.68252856409788,41.830977471961056
Los Angeles,2025,SA-QUBO,9,41209,0,91311,91160.89634313787,150.1036568553492,55.19557033356098,5039962.722727787,212.7984260707286,263.19805329800664,89.59933729293844,53199.60651768215,65799.51332450166,131.9490331550538,41.830977471961056
Los Angeles,2026,Fixed-Time,0,41200,,92862,92704.97410184039,157.02589815364252,55.42063022781086,5146470.564214972,217.2954238224099,268.7601294645596,91.49281003048839,54323.85595560248,67190.0323661399,132.48705523307177,41.830977471961056
Los Angeles,2026,Local-Greedy,0,41200,,92862,92715.14471177863,146.85528821664778,49.524112869180925,4598908.169257879,194.17612270199962,240.16520439457813,81.7583674534734,48544.030675499904,60041.30109864453,118.39100078972936,41.830977471961056
Los Angeles,2026,SA-QUBO,0,41200,0,92862,92704.97410184039,157.02589815364252,55.42063022781086,5146470.564214972,217.2954238224099,268.7601294645596,91.49281003048839,54323.85595560248,67190.0323661399,132.48705523307177,41.830977471961056
Los Angeles,2026,Fixed-Time,1,41201,,90932,90770.57228818,161.42771181342042,55.30701107118792,5029177.13072526,212.34303440839994,262.6348057156525,89.40759343511573,53085.75860209999,65658.70142891312,132.21544035938373,41.830977471961056
Los Angeles,2026,Local-Greedy,1,41201,,90932,90776.75934127606,155.24065871967755,49.474612061858025,4498825.424008874,189.95040679148627,234.93866103157453,79.97911864904665,47487.60169787157,58734.665257893634,118.27266550254639,41.830977471961056
Los Angeles,2026,SA-QUBO,1,41201,0,90932,90770.57228818,161.42771181342042,55.30701107118792,5029177.13072526,212.34303440839994,262.6348057156525,89.40759343511573,53085.75860209999,65658.70142891312,132.21544035938373,41.830977471961056
Los Angeles,2026,Fixed-Time,2,41202,,92191,92043.57259681367,147.4274031797938,55.17396770090765,5086543.256314377,214.76515971105115,265.63059227419524,90.42743566781115,53691.28992776279,66407.6480685488,131.89739048744508,41.830977471961056
Los Angeles,2026,Local-Greedy,2,41202,,92191,92048.88518678685,142.1148132097112,49.597733494706084,4572464.648610448,193.0596184968855,238.78426498299007,81.2882604197413,48264.90462422137,59696.06624574752,118.56699626001094,41.830977471961056
Los Angeles,2026,SA-QUBO,2,41202,0,92191,92043.57259681367,147.4274031797938,55.17396770090765,5086543.256314377,214.76515971105115,265.63059227419524,90.42743566781115,53691.28992776279,66407.6480685488,131.89739048744508,41.830977471961056
Los Angeles,2026,Fixed-Time,3,41203,,87933,87802.12634155138,130.87365844301146,54.82448284888526,4820881.250351028,203.5483194592656,251.7571319627759,85.70455556179606,50887.0798648164,62939.28299069397,131.06192148063872,41.830977471961056
Los Angeles,2026,Local-Greedy,3,41203,,87933,87805.21656672422,127.78343327290571,49.23576612663528,4329448.62281342,182.79894185212225,226.0934280802564,76.96797551668303,45699.73546303056,56523.3570200641,117.70168688895112,41.830977471961056
Los Angeles,2026,SA-QUBO,3,41203,0,87933,87802.12634155138,130.87365844301146,54.82448284888526,4820881.250351028,203.5483194592656,251.7571319627759,85.70455556179606,50887.0798648164,62939.28299069397,131.06192148063872,41.830977471961056
Los Angeles,2026,Fixed-Time,4,41204,,93486,93325.91520634816,160.08479364298415,55.042646350505485,5145716.836723356,217.2635997727643,268.72076813999746,91.47941043063744,54315.89994319108,67180.19203499936,131.58345722951393,41.830977471961056
Los Angeles,2026,Local-Greedy,4,41204,,93486,93331.19543436571,154.80456562914497,49.6392461533401,4640574.565891153,195.93537055984865,242.34111621876025,82.4991033936205,48983.84263996216,60585.279054690065,118.66623529563198,41.830977471961056
Los Angeles,2026,SA-QUBO,4,41204,0,93486,93325.91520634816,160.08479364298415,55.042646350505485,5145716.836723356,217.2635997727643,268.72076813999746,91.47941043063744,54315.89994319108,67180.19203499936,131.58345722951393,41.830977471961056
Los Angeles,2026,Fixed-Time,5,41205,,92416,92266.16806907402,149.83193091813962,55.24187977189834,5105233.560999757,215.55430590887843,266.6066415188762,90.75970775110679,53888.576477219605,66651.66037971905,132.0597392421119,41.830977471961056
Los Angeles,2026,Local-Greedy,5,41205,,92416,92270.20299808343,145.79700191164454,49.80226591372634,4602526.2066829335,194.32888428216756,240.35414634899766,81.8226881188077,48582.22107054189,60088.536587249415,119.05594591259162,41.830977471961056
Los Angeles,2026,SA-QUBO,5,41205,0,92416,92266.16806907402,149.83193091813962,55.24187977189834,5105233.560999757,215.55430590887843,266.6066415188762,90.75970775110679,53888.576477219605,66651.66037971905,132.0597392421119,41.830977471961056
Los Angeles,2026,Fixed-Time,6,41206,,92002,91849.38418281171,152.61581718223934,54.754743821027645,5037545.941022186,212.69638417649253,263.0718435867141,89.55637228483886,53174.09604412313,65767.96089667853,130.89520525244546,41.830977471961056
Los Angeles,2026,Local-Greedy,6,41206,,92002,91858.18308567154,143.81691432412106,49.67463697601902,4570165.951067702,192.96256237841433,238.6642218890911,81.24739468564803,48240.64059460358,59666.055472272776,118.7508396362851,41.830977471961056
Los Angeles,2026,SA-QUBO,6,41206,0,92002,91849.38418281171,152.61581718223934,54.754743821027645,5037545.941022186,212.69638417649253,263.0718435867141,89.55637228483886,53174.09604412313,65767.96089667853,130.89520525244546,41.830977471961056
Los Angeles,2026,Fixed-Time,7,41207,,90749,90612.14306643521,136.85693355790335,55.0935785315139,4999687.158156355,211.09790223326888,261.09477381483185,88.88332725611298,52774.47555831722,65273.693453707965,131.7052143198008,41.830977471961056
Los Angeles,2026,Local-Greedy,7,41207,,90749,90615.86558451575,133.13441547962807,49.29124729909474,4473131.401145549,188.86554804836774,233.5968620598231,79.52233602036532,47216.38701209194,58399.21551495578,117.83431867480084,41.830977471961056
Los Angeles,2026,SA-QUBO,7,41207,0,90749,90612.14306643521,136.85693355790335,55.0935785315139,4999687.158156355,211.09790223326888,261.09477381483185,88.88332725611298,52774.47555831722,65273.693453707965,131.7052143198008,41.830977471961056
Los Angeles,2026,Fixed-Time,8,41208,,93907,93763.63889842622,143.36110156391376,55.397754417228974,5202236.924058721,219.65000346025656,271.67237270084433,92.48421198326616,54912.50086506414,67918.09317521108,132.4323689408444,41.830977471961056
Los Angeles,2026,Local-Greedy,8,41208,,93907,93770.76275703557,136.23724295925575,49.6393356224757,4661481.090299825,196.81809047932657,243.4329013823242,82.87077493866356,49204.522619831645,60858.22534558105,118.66644917812047,41.830977471961056
Los Angeles,2026,SA-QUBO,8,41208,0,93907,93763.63889842622,143.36110156391376,55.397754417228974,5202236.924058721,219.65000346025656,271.67237270084433,92.48421198326616,54912.50086506414,67918.09317521108,132.4323689408444,41.830977471961056
Los Angeles,2026,Fixed-Time,9,41209,,93082,92943.30729202383,138.69270796820533,55.22343783534261,5140308.0405893605,217.03522838043912,268.43830878633327,91.38325405492198,54258.80709510978,67109.57719658331,132.0156524488542,41.830977471961056
Los Angeles,2026,Local-Greedy,9,41209,,93082,92947.5254160161,134.4745839785797,49.71784127367845,4627836.101436538,195.3975242828766,241.6758852972414,82.27264180331622,48849.381070719144,60418.97132431035,118.85412265827135,41.830977471961056
Los Angeles,2026,SA-QUBO,9,41209,0,93082,92943.30729202383,138.69270796820533,55.22343783534261,5140308.0405893605,217.03522838043912,268.43830878633327,91.38325405492198,54258.80709510978,67109.57719658331,132.0156524488542,41.830977471961056
Los Angeles,2027,Fixed-Time,0,41200,,94565,94421.92035209211,143.07964790004434,55.33157655391938,5232430.536821387,220.92484488801426,273.249150256228,93.0209873212691,55231.21122200356,68312.287564057,132.27416593601635,41.830977471961056
Los Angeles,2027,Local-Greedy,0,41200,,94565,94419.33486113435,145.66513886122704,49.729811419554245,4702699.616890147,198.55842826869576,245.58542443759657,83.60354874471373,49639.60706717394,61396.356109399145,118.88273816428915,41.830977471961056
Los Angeles,2027,SA-QUBO,0,41200,0.2,94565,94415.31730781632,149.68269217579336,55.699498551745,5267223.080545766,222.3938634008213,275.0660942062789,93.63952143192473,55598.46585020532,68766.52355156971,133.15371028343742,41.830977471961056
Los Angeles,2027,Fixed-Time,1,41201,,93025,92875.47981315116,149.52018684131522,55.244036526136725,5139076.497843869,216.98322990896426,268.37399488740203,91.36135996166878,54245.80747724106,67093.49872185051,132.06489512028813,41.830977471961056
Los Angeles,2027,Local-Greedy,1,41201,,93025,92877.5006546952,147.49934529988224,49.593612797027866,4613445.830443517,194.78993506317127,240.92439336760592,82.01681476344032,48697.483765792815,60231.09834190148,118.55714543192313,41.830977471961056
Los Angeles,2027,SA-QUBO,1,41201,0.2,93025,92870.2946018961,154.70539809711835,55.90294013718657,5200371.006261781,219.57122026438648,271.5749303270041,92.45104011132055,54892.80506609662,67893.73258175103,133.64005221885583,41.830977471961056
Los Angeles,2027,Fixed-Time,2,41202,,94030,93883.75642703481,146.24357295776966,55.290381460249996,5198954.568707307,219.5114151231978,271.5009608102705,92.42585899924102,54877.85378079945,67875.24020256763,132.1756860625852,41.830977471961056
Los Angeles,2027,Local-Greedy,2,41202,,94030,93893.19955688539,136.80044310972275,49.697045306714784,4673013.170190391,197.3050005191495,244.03513222105377,83.07578969227363,49326.250129787375,61008.78305526344,118.80440838377798,41.830977471961056
Los Angeles,2027,SA-QUBO,2,41202,0.2,94030,93880.49577545923,149.5042245331519,55.330207510803,5202699.412240806,219.66953073905597,271.6965248614643,92.4924339953921,54917.382684763994,67924.13121536607,132.2708931386802,41.830977471961056
Los Angeles,2027,Fixed-Time,3,41203,,89736,89592.80468029222,143.19531970145545,54.86420693970297,4923294.4739411855,207.87243334418312,257.1053780835952,87.52523509228774,51968.10833604578,64276.344520898805,131.15688481455635,41.830977471961056
Los Angeles,2027,Local-Greedy,3,41203,,89736,89597.7197850595,138.2802149360282,49.41206972683402,4434041.489007178,187.21508509141438,231.55549998148592,78.82740424901648,46803.77127285359,57888.87499537148,118.12315349301726,41.830977471961056
Los Angeles,2027,SA-QUBO,3,41203,0.2,89736,89588.96280922422,147.03719077094712,54.925304835341926,4928777.154704243,208.10392430973428,257.3916958567771,87.62270497251987,52025.98107743357,64347.92396419428,131.3029437864747,41.830977471961056
Los Angeles,2027,Fixed-Time,4,41204,,95256,95099.86683906666,156.1331609253067,55.12497983836878,5250985.079483656,221.70825891153214,274.2181097063687,93.35084585748722,55427.06472788304,68554.52742659218,131.78028143214817,41.830977471961056
Los Angeles,2027,Local-Greedy,4,41204,,95256,95101.34369015247,154.65630984291755,49.58585121383942,4723349.8432254875,199.430326713965,246.6638251462199,83.97066387956423,49857.58167849125,61665.956286554974,118.53859080170045,41.830977471961056
Los Angeles,2027,SA-QUBO,4,41204,0.2,95256,95094.50436789305,161.49563209868472,55.751949081749665,5310707.661731146,224.22987905087066,277.33695566818204,94.41258065299814,56057.469762717665,69334.23891704551,133.27909709764666,41.830977471961056
Los Angeles,2027,Fixed-Time,5,41205,,94199,94047.35105673438,151.6489432572126,55.64287880601912,5241503.540648195,221.30792727181344,273.72296267829466,93.18228516707903,55326.98181795336,68430.74066957367,133.01835665522293,41.830977471961056
Los Angeles,2027,Local-Greedy,5,41205,,94199,94050.4029196043,148.59708039091225,49.604762311626814,4672719.004992934,197.29258021081236,244.01977026074212,83.07056008876327,49323.14505270309,61004.94256518553,118.58379915907166,41.830977471961056
Los Angeles,2027,SA-QUBO,5,41205,0.2,94199,94045.47248311604,153.52751687681476,55.43113989472245,5221557.94694296,220.46577998203588,272.68135945146565,92.82769683454151,55116.44499550897,68170.33986286641,132.512179357696,41.830977471961056
Los Angeles,2027,Fixed-Time,6,41206,,93993,93850.87562262769,142.12437736437988,54.95130921807949,5165038.407334945,218.07939942080893,269.72978349415826,91.82290501928792,54519.84985520223,67432.44587353956,131.365109158429,41.830977471961056
Los Angeles,2027,Local-Greedy,6,41206,,93993,93849.19338317096,143.80661682169938,49.86366158367595,4686835.143234453,197.88859493656602,244.75694636891032,83.32151365750138,49472.148734141505,61189.23659222758,119.20271673569935,41.830977471961056
Los Angeles,2027,SA-QUBO,6,41206,0.2,93993,93843.54716046953,149.45283952412078,55.07624835297115,5176781.811440817,218.57523203861192,270.34305015302044,92.03167664783675,54643.80800965298,67585.7625382551,131.6637852650904,41.830977471961056
Los Angeles,2027,Fixed-Time,7,41207,,92374,92219.05693181539,154.94306817773005,55.14924903168947,5094356.730053283,215.0950619355831,266.0386292361159,90.56634186761393,53773.765483895775,66509.65730902897,131.83829870735278,41.830977471961056
Los Angeles,2027,Local-Greedy,7,41207,,92374,92216.78335216931,157.21664782634872,49.56079220401328,4578128.619053523,193.29876391559364,239.08005010612843,81.38895322761819,48324.69097889841,59770.012526532104,118.47868541258318,41.830977471961056
Los Angeles,2027,SA-QUBO,7,41207,0.2,92374,92211.95410580702,162.04589418685399,55.7763272029576,5152282.4490460055,217.54081451527622,269.0636390057358,91.59613242748455,54385.20362881906,67265.90975143395,133.33737477290362,41.830977471961056
Los Angeles,2027,Fixed-Time,8,41208,,95719,95571.11321688374,147.8867831054957,55.44184846413041,5306838.293138099,224.06650571027578,277.13488864165623,94.34379187801065,56016.62642756895,69283.72216041407,132.53777897323246,41.830977471961056
Los Angeles,2027,Local-Greedy,8,41208,,95719,95581.71609722584,137.28390276901814,49.56246148541758,4744069.2509226855,200.30514615006848,247.7458386592958,84.33900890529219,50076.28653751712,61936.45966482395,118.48267595142588,41.830977471961056
Los Angeles,2027,SA-QUBO,8,41208,0.2,95719,95568.5859836874,150.41401630477264,55.61754396654853,5323655.690934059,224.77657361721617,278.0131305265564,94.64276783882771,56194.14340430404,69503.2826316391,132.95779187524005,41.830977471961056
Los Angeles,2027,Fixed-Time,9,41209,,94921,94753.20888642831,167.79111356269027,55.424209522708516,5260921.392105015,222.12779211110026,274.73700603215076,93.52749141520026,55531.94802777506,68684.25150803769,132.49561179835896,41.830977471961056
Los Angeles,2027,Local-Greedy,9,41209,,94921,94761.43778392435,159.56221607179802,49.74563864452733,4721905.765777179,199.36935455503672,246.58841221280824,83.94499139159429,49842.33863875918,61647.10305320206,118.92057429896637,41.830977471961056
Los Angeles,2027,SA-QUBO,9,41209,0.2,94921,94748.24147220008,172.7585277945701,55.998469155507095,5315430.690709889,224.42929582997317,277.583602737072,94.49654561262025,56107.323957493296,69395.900684268,133.86842129864735,41.830977471961056
Los Angeles,2028,Fixed-Time,0,41200,,96441,96265.14260301611,175.85739697548837,55.758766359918624,5377431.186516912,227.0470945418256,280.8214064069943,95.59877664918955,56761.7736354564,70205.35160174858,133.29539429790577,41.830977471961056
Los Angeles,2028,Local-Greedy,0,41200,,96441,96269.31878441168,171.6812155826546,49.63860800410707,4787196.99452409,202.126095324351,249.99806526959136,85.10572434709493,50531.523831087754,62499.51631739784,118.66470975338646,41.830977471961056
Los Angeles,2028,SA-QUBO,0,41200,0.5,96441,96262.2120515996,178.78794839438518,56.89977802904622,5487471.4928992465,231.6932408113016,286.567955740294,97.55504876265327,57923.3102028254,71641.9889350735,136.0230658420202,41.830977471961056
Los Angeles,2028,Fixed-Time,1,41201,,94685,94527.66855650341,157.33144348878363,55.412236533181634,5246707.616144303,221.52765490387,273.9947310653136,93.27480206478761,55381.9137259675,68498.6827663284,132.466989494386,41.830977471961056
Los Angeles,2028,Local-Greedy,1,41201,,94685,94532.58407268232,152.4159273117724,49.767230417823406,4712210.212111609,198.95998673360143,246.08208885471734,83.77262599309526,49739.99668340036,61520.52221367934,118.97219100649022,41.830977471961056
Los Angeles,2028,SA-QUBO,1,41201,0.5,94685,94518.94130059765,166.05869939855876,56.3773231257491,5338086.840161554,225.38588880682147,278.7667572084367,94.89932160287206,56346.472201705365,69691.68930210917,134.7740993227766,41.830977471961056
Los Angeles,2028,Fixed-Time,2,41202,,96167,96022.02193985504,144.9780601364392,55.674355352360095,5354035.731170413,226.05928642719556,279.5996437388994,95.18285744302958,56514.82160679889,69899.91093472484,133.09360363304475,41.830977471961056
Los Angeles,2028,Local-Greedy,2,41202,,96167,96028.02981314884,138.97018684621227,49.97570726483998,4806013.840537867,202.92058437826535,250.98072278364415,85.44024605400652,50730.146094566335,62745.18069591104,119.47057010163884,41.830977471961056
Los Angeles,2028,SA-QUBO,2,41202,0.5,96167,96016.08303497508,150.916965019854,56.21102029538491,5405645.188746281,228.23835241373217,282.2948043011947,96.100358911045,57059.588103433045,70573.70107529867,134.37654028778715,41.830977471961056
Los Angeles,2028,Fixed-Time,3,41203,,91609,91461.84812008991,147.15187990552636,55.023971466354915,5040691.002061307,212.82917564258852,263.2360856632016,89.61228448108992,53207.29391064713,65809.0214158004,131.53881355805518,41.830977471961056
Los Angeles,2028,Local-Greedy,3,41203,,91609,91465.83901091476,143.16098908116248,49.46693899049825,4531616.813980554,191.33493214584544,236.65110028565115,80.56207669298763,47833.73303646136,59162.77507141279,118.25432246630027,41.830977471961056
Los Angeles,2028,SA-QUBO,3,41203,0.5,91609,91455.58238270455,153.41761729191208,56.1559830160099,5144393.448113651,217.2077233647988,268.6516578459351,91.45588352202047,54301.9308411997,67162.91446148379,134.24496966070367,41.830977471961056
Los Angeles,2028,Fixed-Time,4,41204,,97010,96866.2651151338,143.73488485755325,55.35707396785201,5370189.745621324,226.74134481512286,280.4432422713358,95.47003992215687,56685.33620378072,70110.81056783395,132.33511936209806,41.830977471961056
Los Angeles,2028,Local-Greedy,4,41204,,97010,96865.78377703311,144.21622296206752,49.75374923440312,4826611.213229447,203.79025122524317,252.05636335753778,85.8064215685235,50947.562806310794,63014.090839384444,118.93996325510832,41.830977471961056
Los Angeles,2028,SA-QUBO,4,41204,0.5,97010,96857.88031406447,152.1196859301726,56.72308905176381,5502706.868911607,232.33651224293496,287.3635809320506,97.8258998917619,58084.12806073374,71840.89523301265,135.60067796595192,41.830977471961056
Los Angeles,2028,Fixed-Time,5,41205,,96178,96027.58973660624,150.41026338409864,55.27326722029717,5316072.294713741,224.4563857768027,277.6171087239398,94.50795190602206,56114.09644420067,69404.27718098495,132.13477322481015,41.830977471961056
Los Angeles,2028,Local-Greedy,5,41205,,96178,96035.15793345445,142.84206653953308,49.972312540747296,4806237.075543993,202.93000985630192,250.99238061174185,85.44421467633765,50732.50246407548,62748.095152935464,119.46245476631117,41.830977471961056
Los Angeles,2028,SA-QUBO,5,41205,0.5,96178,96017.60246323435,160.39753676266912,55.8666642458974,5373144.03384192,226.8660814288817,280.5975217673003,95.52256060163414,56716.52035722043,70149.38044182508,133.55333205719216,41.830977471961056
Los Angeles,2028,Fixed-Time,6,41206,,95738,95569.56466274007,168.43533725266178,54.940991042681084,5259940.600444201,222.08638090764452,274.6857869120861,93.51005511900803,55521.59522691113,68671.44672802152,131.3404428082216,41.830977471961056
Los Angeles,2028,Local-Greedy,6,41206,,95738,95576.41467486146,161.58532513274668,49.96590305342494,4783635.626528797,201.97572645343772,249.81208271872606,85.04241113828972,50493.931613359426,62453.02067968152,119.44713241978782,41.830977471961056
Los Angeles,2028,SA-QUBO,6,41206,0.5,95738,95560.43244775166,177.5675522464726,55.83842853619175,5345859.4711979255,225.7140665616896,279.17266127366946,95.03750171018535,56428.5166404224,69793.16531841736,133.48583253551692,41.830977471961056
Los Angeles,2028,Fixed-Time,7,41207,,94401,94235.6025981495,165.39740184313825,55.34279864303842,5224415.53470147,220.58643368739686,272.83058903441014,92.87849839469281,55146.60842184922,68207.64725860253,132.30099315784392,41.830977471961056
Los Angeles,2028,Local-Greedy,7,41207,,94401,94233.8424577761,167.15754221862088,49.42455132747909,4665727.069865353,196.99736517209254,243.65463587074623,82.9462590198285,49249.341293023135,60913.658967686555,118.15299166893227,41.830977471961056
Los Angeles,2028,SA-QUBO,7,41207,0.5,94401,94229.23440982583,171.7655901678584,56.71813019826531,5354248.208846443,226.06825770684944,279.61073979531426,95.18663482393677,56517.06442671236,69902.68494882857,135.58882346529668,41.830977471961056
Los Angeles,2028,Fixed-Time,8,41208,,97470,97317.87598377766,152.1240162131206,55.626933477057605,5421957.206008805,228.92708203148328,283.14665409157095,96.39035032904543,57231.77050787082,70786.66352289273,132.9802381843548,41.830977471961056
Los Angeles,2028,Local-Greedy,8,41208,,97470,97322.32817667825,147.67182331760463,49.85457609633021,4859325.532109306,205.1715224668372,253.76477778793043,86.388009459721,51292.8806167093,63441.194446982605,119.1809972161117,41.830977471961056
Los Angeles,2028,SA-QUBO,8,41208,0.5,97470,97307.75095460987,162.2490453848355,56.054943364055866,5463675.329694525,230.68851392043544,285.32526721738077,97.132005861236,57672.12848010886,71331.31680434519,134.0034270096342,41.830977471961056
Los Angeles,2028,Fixed-Time,9,41209,,96992,96827.8688713643,164.13112862723125,55.188563820702825,5352849.182097608,226.0091876885662,279.53767950954176,95.16176323729081,56502.29692214155,69884.41987738544,131.93228357548003,41.830977471961056
Los Angeles,2028,Local-Greedy,9,41209,,96992,96835.59933288576,156.40066710790157,49.8769216273809,4837662.382482928,204.25685614927897,252.63347997410847,86.0028867996965,51064.21403731975,63158.369993527114,119.23441583647661,41.830977471961056
Los Angeles,2028,SA-QUBO,9,41209,0.5,96992,96823.73455411922,168.26544587459767,56.04084379449148,5435513.521315318,229.49945978886942,283.8545950020221,96.6313514900501,57374.86494721736,70963.64875050553,133.9697209611111,41.830977471961056
Los Angeles,2029,Fixed-Time,0,41200,,98362,98210.61770663018,151.3822933605503,55.6814474422578,5476938.5333153615,231.24851585109246,286.0179011842466,97.36779614782864,57812.12896277312,71504.47529606166,133.11055779076784,41.830977471961056
Los Angeles,2029,Local-Greedy,0,41200,,98362,98209.4000329769,152.59996701746,49.888899243719756,4907171.907410762,207.19170275734328,256.26342183145096,87.23861168730245,51797.92568933582,64065.85545786274,119.26304920118076,41.830977471961056
Los Angeles,2029,SA-QUBO,0,41200,0.8,98362,98198.1926319592,163.8073680367528,57.16881011647928,5623238.500677135,237.4256255841456,293.65801059091706,99.9686844564824,59356.4063960364,73414.50264772927,136.6662066522329,41.830977471961056
Los Angeles,2029,Fixed-Time,1,41201,,96495,96343.16800793617,151.8319920529121,55.62773561923201,5367798.348577793,226.64037471772937,280.31835820350693,95.42752619693853,56660.09367943234,70079.58955087673,132.9821557636773,41.830977471961056
Los Angeles,2029,Local-Greedy,1,41201,,96495,96347.80416581295,147.19583418177558,49.77539365543496,4803076.6107811965,202.79656801076172,250.8273341185736,85.38802863611016,50699.14200269043,62706.833529643394,118.99170582088112,41.830977471961056
Los Angeles,2029,SA-QUBO,1,41201,0.8,96495,96327.26230427228,167.73769572501897,57.216240356478444,5521081.113198387,233.11231366837646,288.32312480036023,98.15255312352689,58278.07841709411,72080.78120009006,136.77959209733982,41.830977471961056
Los Angeles,2029,Fixed-Time,2,41202,,97718,97546.96387925779,171.036120732732,55.90451007482354,5462876.915491607,230.6548030985352,285.2835722534506,97.1178118309619,57663.700774633806,71320.89306336264,133.64380526918325,41.830977471961056
Los Angeles,2029,Local-Greedy,2,41202,,97718,97546.8609711244,171.13902886903418,49.98185302889719,4884126.714277776,206.2186834917286,255.05995063450607,86.82891936493824,51554.67087293215,63764.987658626516,119.48526199847852,41.830977471961056
Los Angeles,2029,SA-QUBO,2,41202,0.8,97718,97539.99386971875,178.00613027655507,57.07231417347973,5576992.396404092,235.4730122926173,291.24293625665814,99.14653149162831,58868.25307315433,72810.73406416454,136.4355260685333,41.830977471961056
Los Angeles,2029,Fixed-Time,3,41203,,93209,93064.77207421331,144.22792577877902,54.9260613638843,5119603.253666292,216.16102626591055,267.357058802573,91.01516895406742,54040.256566477634,66839.26470064325,131.30475232308584,41.830977471961056
Los Angeles,2029,Local-Greedy,3,41203,,93209,93065.81474718156,143.18525281484187,49.63767055512646,4626677.634772782,195.34861124596196,241.61538759368975,82.25204684040501,48837.152811490494,60403.84689842244,118.6624687132835,41.830977471961056
Los Angeles,2029,SA-QUBO,3,41203,0.8,93209,93042.92098418422,166.07901581395174,57.079430797085614,5320316.665165553,224.63559252921235,277.8387591808677,94.58340738072094,56158.89813230309,69459.68979521694,136.45253887587367,41.830977471961056
Los Angeles,2029,Fixed-Time,4,41204,,99036,98877.35897270696,158.64102728226794,55.47747606169478,5494267.319246004,231.98017570149767,286.922848893958,97.6758634532623,57995.04392537442,71730.7122234895,132.6229493415038,41.830977471961056
Los Angeles,2029,Local-Greedy,4,41204,,99036,98883.25437947364,152.74562051962482,49.87989177445673,4939904.961775097,208.57376505272572,257.9728146704773,87.82053265377951,52143.44126318143,64493.203667619324,119.24151618950525,41.830977471961056
Los Angeles,2029,SA-QUBO,4,41204,0.8,99036,98862.80030321919,173.19969677636252,57.36714089101337,5681412.1652824,239.88184697859032,296.69596863141425,101.00288293835378,59970.46174464758,74173.99215785356,137.1403308217363,41.830977471961056
Los Angeles,2029,Fixed-Time,5,41205,,98040,97879.8391494722,160.16085051781153,55.43100838167636,5434456.06173955,229.45481149567027,283.7993721130654,96.61255220870312,57363.702873917566,70949.84302826635,132.51186496617558,41.830977471961056
Los Angeles,2029,Local-Greedy,5,41205,,98040,97877.82022486582,162.17977512839073,50.02745623690053,4904691.809465728,207.0869875107745,256.13390560543246,87.19452105716849,51771.74687769362,64033.476401358115,119.59427979045792,41.830977471961056
Los Angeles,2029,SA-QUBO,5,41205,0.8,98040,97863.61916617498,176.3808338225341,56.66392472395593,5555331.179936639,234.55842759732468,290.1117393966912,98.7614431988736,58639.60689933117,72527.9348491728,135.45924132883883,41.830977471961056
Los Angeles,2029,Fixed-Time,6,41206,,97708,97539.84324611876,168.15675387198252,55.04893176545467,5378721.024939044,227.10155438631574,280.8887646357057,95.62170711002746,56775.38859657894,70222.19115892642,131.5984829719877,41.830977471961056
Los Angeles,2029,Local-Greedy,6,41206,,97708,97547.48080653293,160.51919346129,50.21730637330483,4906632.571122868,207.16893078074358,256.235256491972,87.22902348662876,51792.23269518589,64058.814122993,120.04813037650162,41.830977471961056
Los Angeles,2029,SA-QUBO,6,41206,0.8,97708,97534.22341536058,173.7765846377614,57.07815998124705,5576992.855447686,235.47303167445864,291.24296022893475,99.14653965240332,58868.25791861466,72810.74005723369,136.44950089800324,41.830977471961056
Los Angeles,2029,Fixed-Time,7,41207,,96289,96136.45171984352,152.5482801481865,55.44331018794362,5338580.894686903,225.40674888678052,278.79255783364937,94.90810479443384,56351.68722169513,69698.13945841235,132.5412733305283,41.830977471961056
Los Angeles,2029,Local-Greedy,7,41207,,96289,96139.33596635071,149.6640336441412,49.760443586098354,4791383.352461824,202.30285265949854,250.2166861841175,85.18014848821021,50575.713164874636,62554.17154602937,118.95596659067398,41.830977471961056
Los Angeles,2029,SA-QUBO,7,41207,0.8,96289,96124.80317387235,164.19682612452652,56.94632372802733,5483304.565448023,231.5173038744725,286.35034952895234,97.4809700524093,57879.325968618126,71587.58738223808,136.1343367273642,41.830977471961056
Los Angeles,2029,Fixed-Time,8,41208,,99523,99358.09488993119,164.90511006033586,55.9664654170051,5569950.537696598,235.17568936941188,290.87519474637793,99.02134289238397,58793.92234235297,72718.79868659448,133.7919140295465,41.830977471961056
Los Angeles,2029,Local-Greedy,8,41208,,99523,99364.71523160342,158.28476839062907,49.811225391151424,4957362.584603563,209.31086468326157,258.8844905292972,88.13089039295224,52327.716170815394,64721.122632324295,119.07736419628122,41.830977471961056
Los Angeles,2029,SA-QUBO,8,41208,0.8,99523,99348.65437686106,174.3456231339161,57.53587439129246,5726142.8270446,241.7704749196605,299.03190319010685,101.7980947030151,60442.61872991513,74757.97579752671,137.5437005502878,41.830977471961056
Los Angeles,2029,Fixed-Time,9,41209,,98887,98720.06597351012,166.93402648000176,55.53472160535892,5491662.015389128,231.87017398309598,286.78679413698774,97.62954694025116,57967.54349577399,71696.69853424694,132.75979898529351,41.830977471961056
Los Angeles,2029,Local-Greedy,9,41209,,98887,98725.21328868101,161.78671131404315,50.134556376963516,4957655.8764487915,209.32324811672655,258.89980688121466,88.13610447020073,52330.81202918164,64724.95172030367,119.85031047999841,41.830977471961056
Los Angeles,2029,SA-QUBO,9,41209,0.8,98887,98714.7162220946,172.28377790305007,57.35024843783157,5671194.01727185,239.45041406258918,296.16235423530776,100.82122697372179,59862.60351564729,74040.58855882694,137.09994818139964,41.830977471961056
Los Angeles,2030,Fixed-Time,0,41200,,100232,100078.07276184949,153.92723814081978,55.64334061233948,5577243.316256011,235.48360668636516,291.256039848925,99.15099228899575,58870.90167159129,72814.00996223126,133.01946063688501,41.830977471961056
Los Angeles,2030,Local-Greedy,0,41200,,100232,100081.62708231184,150.37291768180825,50.023918386514055,5013997.387717077,211.7021119258323,261.8420858030029,89.13773133719248,52925.52798145807,65460.52145075072,119.5858223012949,41.830977471961056
Los Angeles,2030,SA-QUBO,0,41200,1,100232,100054.52038107344,177.47961892607174,57.6035584921674,5773719.874786923,243.77928360211496,301.51648234998373,102.64390888510084,60944.82090052874,75379.12058749593,137.70550432578003,41.830977471961056
Los Angeles,2030,Fixed-Time,1,41201,,98592,98425.79694708392,166.20305290657961,55.83860326890546,5505239.573487927,232.44344865837962,287.49584439325844,97.87092575089648,58110.8621645949,71873.96109831461,133.48625024680237,41.830977471961056
Los Angeles,2030,Local-Greedy,1,41201,,98592,98427.99698120734,164.0030187869036,50.300397493192285,4959216.789648814,209.38915334072752,258.98132123721587,88.16385403820114,52347.28833518188,64745.330309303965,120.24676575370061,41.830977471961056
Los Angeles,2030,SA-QUBO,1,41201,1,98592,98405.19088638718,186.80911361138078,57.90717454902621,5709184.153137592,241.0544420213653,298.1462835527409,101.49660716689053,60263.61050534133,74536.57088818522,138.43132063514628,41.830977471961056
Los Angeles,2030,Fixed-Time,2,41202,,99648,99495.5305423434,152.4694576479048,56.32923163953741,5613095.274416624,236.99735603092373,293.1283087750904,99.78836043407331,59249.33900773093,73282.0771937726,134.65913312041155,41.830977471961056
Los Angeles,2030,Local-Greedy,2,41202,,99648,99500.7576036867,147.24239630760377,50.28287250142674,5010587.679022172,211.5581464476033,261.66402323782455,89.0771142937275,52889.536611900825,65416.00580945614,120.20487098378447,41.830977471961056
Los Angeles,2030,SA-QUBO,2,41202,1,99648,99478.4786118589,169.52138813980275,57.721180984987065,5751800.242791991,242.853788028995,300.37179045691505,102.25422653852428,60713.44700724875,75092.94761422876,137.9866894663819,41.830977471961056
Los Angeles,2030,Fixed-Time,3,41203,,95050,94902.78048321044,147.21951678114434,54.99575324302156,5227346.345749199,220.7101790427433,272.983642500236,92.930601702208,55177.54476068583,68245.910625059,131.4713558388272,41.830977471961056
Los Angeles,2030,Local-Greedy,3,41203,,95050,94910.89190325738,139.1080967371449,49.69768884654998,4723765.324864576,199.44786927205962,246.6855225207056,83.97805021981468,49861.967318014904,61671.3806301764,118.80594681265077,41.830977471961056
Los Angeles,2030,SA-QUBO,3,41203,1,95050,94883.41705073074,166.5829492680679,58.18418194659305,5530406.4940236695,233.50605196988838,288.810116910125,98.3183376715319,58376.5129924721,72202.52922753124,139.0935270054194,41.830977471961056
Los Angeles,2030,Fixed-Time,4,41204,,101122,100969.6897271255,152.31027286316217,55.657974898972164,5628245.737733863,237.63704225987422,293.9194996372129,100.05770200415758,59409.26056496856,73479.87490930322,133.05444496552641,41.830977471961056
Los Angeles,2030,Local-Greedy,4,41204,,101122,100974.07221044406,147.92778954963637,50.29329332937595,5085758.408053155,214.73202167335575,265.589605753887,90.41348280983387,53683.00541833894,66397.40143847174,120.22978273239517,41.830977471961056
Los Angeles,2030,SA-QUBO,4,41204,1,101122,100943.7621287935,178.23787120365301,57.578460279096085,5822449.060342754,245.83673810336094,304.06122870678826,103.51020551720453,61459.18452584024,76015.30717669707,137.64550521844828,41.830977471961056
Los Angeles,2030,Fixed-Time,5,41205,,100110,99947.66450590492,162.33549408619388,55.50048907691501,5556153.9614899615,234.59316726290916,290.15470687780913,98.7760704264882,58648.29181572729,72538.67671945228,132.67796363141764,41.830977471961056
Los Angeles,2030,Local-Greedy,5,41205,,100110,99950.74446747292,159.25553252169195,50.17392708977339,5022911.840957214,212.07849995152665,262.30761836109895,89.29621050590603,53019.62498788166,65576.90459027473,119.94442903803656,41.830977471961056
Los Angeles,2030,SA-QUBO,5,41205,1,100110,99934.32238834094,175.67761165772836,57.5601318417222,5762344.79867481,243.29900261071387,300.92245059746233,102.4416853097744,60824.75065267847,75230.61264936558,137.60168975325587,41.830977471961056
Los Angeles,2030,Fixed-Time,6,41206,,99640,99460.37576297366,179.62423701655163,55.07598930376446,5487771.574227091,231.7059109118107,286.5836266540814,97.56038354181496,57926.477727952675,71645.90666352035,131.6631659890841,41.830977471961056
Los Angeles,2030,Local-Greedy,6,41206,,99640,99467.6723510024,172.3276489908887,50.19160578964624,5001091.600880351,211.15720092605937,261.1681169348628,88.90829512676179,52789.30023151484,65292.02923371569,119.98669125838438,41.830977471961056
Los Angeles,2030,SA-QUBO,6,41206,1,99640,99441.78294074899,198.2170592490644,57.78533215502424,5757730.495926616,243.10417649467988,300.68148145394554,102.35965326091763,60776.04412366997,75170.37036348638,138.14004751325083,41.830977471961056
Los Angeles,2030,Fixed-Time,7,41207,,98417,98251.48456470037,165.51543529157453,55.705887524497044,5482406.332498426,231.47937848326723,286.3034418082511,97.46500146663867,57869.84462081681,71575.86045206277,133.16898358838546,41.830977471961056
Los Angeles,2030,Local-Greedy,7,41207,,98417,98251.82757531815,165.17242467605354,49.89862957143515,4910873.426531933,207.34798912023712,256.4567233855565,87.3044164716788,51836.99728005928,64114.18084638912,119.28631025866365,41.830977471961056
Los Angeles,2030,SA-QUBO,7,41207,1,98417,98228.3141954472,188.6858045502334,57.605555761489505,5669365.981378512,239.37323032487075,296.06689013865565,100.78872855784023,59843.30758121768,74016.72253466392,137.71027894364173,41.830977471961056
Los Angeles,2030,Fixed-Time,8,41208,,101636,101460.13072452262,175.8692754671703,55.823708686211035,5673698.456031744,239.55615703245186,296.2931415927689,100.86575032945323,59889.03925811296,74073.28539819222,133.45064366145684,41.830977471961056
Los Angeles,2030,Local-Greedy,8,41208,,101636,101464.64501688996,171.35498310476146,50.11630692984618,5093620.971121847,215.0639965584781,266.00020626969643,90.55326170883284,53765.999139619526,66500.0515674241,119.80668384677051,41.830977471961056
Los Angeles,2030,SA-QUBO,8,41208,1,101636,101450.03192066707,185.96807933236698,57.51518081090807,5845612.916897452,246.81476760233778,305.2708967713114,103.92200741151026,61703.69190058445,76317.72419282785,137.49423103837339,41.830977471961056
Los Angeles,2030,Fixed-Time,9,41209,,100755,100583.69357343734,171.30642655277305,55.574428483114126,5599401.541816164,236.41917621001537,292.41319162817746,99.54491629895402,59104.79405250384,73103.29790704437,132.85472117013092,41.830977471961056
Los Angeles,2030,Local-Greedy,9,41209,,100755,100595.2211623038,159.7788376916452,50.10415723017886,5048244.361726671,213.1480952729036,263.6305388901706,89.74656643069639,53287.0238182259,65907.63472254266,119.77763910432944,41.830977471961056
Los Angeles,2030,SA-QUBO,9,41209,1,100755,100567.55821798228,187.44178201467247,57.64209116242777,5807728.895070409,245.21522001408326,303.29250896478806,103.24851369014061,61303.805003520814,75823.12724119701,137.79761948203281,41.830977471961056
Singapore,2025,Fixed-Time,0,41300,,45154,45082.55443717892,71.44556282122889,52.31246836394267,2362117.1965054674,99.73383718578611,123.35500915084107,41.99319460454164,24933.45929644653,30838.752287710267,87.18744727323778,60.0
Singapore,2025,Local-Greedy,0,41300,,45154,45081.72377686736,72.27622313261924,51.06408947716757,2305747.8962520245,97.35380006397429,120.41127902649461,40.9910737111471,24338.450015993574,30102.819756623652,85.10681579527929,60.0
Singapore,2025,SA-QUBO,0,41300,0,45154,45082.55443717892,71.44556282122889,52.31246836394267,2362117.1965054674,99.73383718578611,123.35500915084107,41.99319460454164,24933.45929644653,30838.752287710267,87.18744727323778,60.0
Singapore,2025,Fixed-Time,1,41301,,43177,43112.06726287099,64.93273712962352,52.376133561386666,2261444.318779992,95.48320457071047,118.0976477585107,40.20345455608875,23870.801142677617,29524.411939627676,87.29355593564443,60.0
Singapore,2025,Local-Greedy,1,41301,,43177,43114.49290938324,62.50709061677874,51.242379309355286,2212492.2114400333,93.41633781635699,115.54125993075729,39.33319487004504,23354.084454089247,28885.314982689324,85.40396551559215,60.0
Singapore,2025,SA-QUBO,1,41301,0,43177,43112.06726287099,64.93273712962352,52.376133561386666,2261444.318779992,95.48320457071047,118.0976477585107,40.20345455608875,23870.801142677617,29524.411939627676,87.29355593564443,60.0
Singapore,2025,Fixed-Time,2,41302,,44620,44559.21220896185,60.78779103754244,52.19051618028423,2328740.8319642823,98.3246129051584,121.61202122480141,41.39983701269835,24581.1532262896,30403.005306200354,86.98419363380705,60.0
Singapore,2025,Local-Greedy,2,41302,,44620,44560.63783957866,59.36216042165877,51.152524420524124,2282425.6396437865,96.3690825627378,119.19333895917552,40.57645581588954,24092.27064068445,29798.33473979388,85.2542073675402,60.0
Singapore,2025,SA-QUBO,2,41302,0,44620,44559.21220896185,60.78779103754244,52.19051618028423,2328740.8319642823,98.3246129051584,121.61202122480141,41.39983701269835,24581.1532262896,30403.005306200354,86.98419363380705,60.0
Singapore,2025,Fixed-Time,3,41303,,44380,44310.55821952953,69.441780470933,52.289574949613204,2320611.336263834,97.98136753113961,121.187480893778,41.255312644690385,24495.341882784902,30296.8702234445,87.14929158268868,60.0
Singapore,2025,Local-Greedy,3,41303,,44380,44311.459249163185,68.54075083745093,51.156138816024885,2270309.4406551844,95.85750971655216,118.56060412310407,40.36105672275883,23964.37742913804,29640.151030776018,85.26023136004147,60.0
Singapore,2025,SA-QUBO,3,41303,0,44380,44310.55821952953,69.441780470933,52.289574949613204,2320611.336263834,97.98136753113961,121.187480893778,41.255312644690385,24495.341882784902,30296.8702234445,87.14929158268868,60.0
Singapore,2025,Fixed-Time,4,41304,,46169,46093.372223211074,75.62777678896467,52.43424529676573,2420836.671106377,102.2131038911585,126.42147060222193,43.037096375224486,25553.275972789623,31605.367650555483,87.39040882794289,60.0
Singapore,2025,Local-Greedy,4,41304,,46169,46093.8199007467,75.18009925317816,51.24355674398403,2365863.7713129986,99.89202589988206,123.55066361301215,42.059800378897755,24973.006474970512,30887.665903253037,85.40592790664004,60.0
Singapore,2025,SA-QUBO,4,41304,0,46169,46093.372223211074,75.62777678896467,52.43424529676573,2420836.671106377,102.2131038911585,126.42147060222193,43.037096375224486,25553.275972789623,31605.367650555483,87.39040882794289,60.0
Singapore,2025,Fixed-Time,5,41305,,43894,43828.00060485991,65.99939514050739,51.993144802712344,2282187.0979702557,96.35901080318874,119.18088178289113,40.57221507502677,24089.752700797184,29795.220445722785,86.6552413378539,60.0
Singapore,2025,Local-Greedy,5,41305,,43894,43829.93713643986,64.06286356067544,51.339437202553306,2253493.2565688747,95.14749305513024,117.68242562081902,40.062102339002216,23786.87326378256,29420.606405204755,85.56572867092217,60.0
Singapore,2025,SA-QUBO,5,41305,0,43894,43828.00060485991,65.99939514050739,51.993144802712344,2282187.0979702557,96.35901080318874,119.18088178289113,40.57221507502677,24089.752700797184,29795.220445722785,86.6552413378539,60.0
Singapore,2025,Fixed-Time,6,41306,,45797,45722.985613409226,74.01438659072653,52.35270731392172,2397596.936855673,101.2318706672393,125.20784003579625,42.623945544100856,25307.967666809825,31301.960008949063,87.25451218986953,60.0
Singapore,2025,Local-Greedy,6,41306,,45797,45720.47355442509,76.52644557529608,51.39764690477674,2353858.0352980606,99.385117045918,122.92369739889871,41.84636507196552,24846.2792614795,30730.92434972468,85.66274484129458,60.0
Singapore,2025,SA-QUBO,6,41306,0,45797,45722.985613409226,74.01438659072653,52.35270731392172,2397596.936855673,101.2318706672393,125.20784003579625,42.623945544100856,25307.967666809825,31301.960008949063,87.25451218986953,60.0
Singapore,2025,Fixed-Time,7,41307,,42468,42399.70023349516,68.29976650460333,52.415343379509586,2225974.802641013,93.9856027781759,116.24535080458624,39.57288538028468,23496.400694543976,29061.33770114656,87.35890563251597,60.0
Singapore,2025,Local-Greedy,7,41307,,42468,42407.17160244463,60.828397555638325,51.38169796424638,2182077.949145615,92.13218007503718,113.95295956649325,38.792496873699825,23033.045018759294,28488.23989162331,85.63616327374396,60.0
Singapore,2025,SA-QUBO,7,41307,0,42468,42399.70023349516,68.29976650460333,52.415343379509586,2225974.802641013,93.9856027781759,116.24535080458624,39.57288538028468,23496.400694543976,29061.33770114656,87.35890563251597,60.0
Singapore,2025,Fixed-Time,8,41308,,44541,44470.912858954835,70.08714104511583,52.17122958969823,2323758.7371547488,98.11425779097847,121.35184516252576,41.311266438306646,24528.56444774462,30337.96129063144,86.95204931616371,60.0
Singapore,2025,Local-Greedy,8,41308,,44541,44474.21457367916,66.78542632100304,51.16317737071979,2278859.08326923,96.21849462692293,119.00708545961534,40.513050369230754,24054.62365673073,29751.771364903834,85.27196228453298,60.0
Singapore,2025,SA-QUBO,8,41308,0,44541,44470.912858954835,70.08714104511583,52.17122958969823,2323758.7371547488,98.11425779097847,121.35184516252576,41.311266438306646,24528.56444774462,30337.96129063144,86.95204931616371,60.0
Singapore,2025,Fixed-Time,9,41309,,45535,45464.86193737132,70.13806262874805,52.206386461544014,2377217.807526407,100.37141854000394,124.14359661526791,42.26164991158056,25092.854635000986,31035.899153816976,87.01064410257337,60.0
Singapore,2025,Local-Greedy,9,41309,,45535,45466.42497793514,68.5750220649721,51.33937486427641,2337738.434444826,98.70451167655926,122.0818960210076,41.55979439013024,24676.127919139817,30520.474005251897,85.56562477379401,60.0
Singapore,2025,SA-QUBO,9,41309,0,45535,45464.86193737132,70.13806262874805,52.206386461544014,2377217.807526407,100.37141854000394,124.14359661526791,42.26164991158056,25092.854635000986,31035.899153816976,87.01064410257337,60.0
Singapore,2026,Fixed-Time,0,41300,,46141,46070.5493031423,70.45069685789122,52.246949386977754,2410726.4916645405,101.78622964805864,125.89349456470377,42.85735985181405,25446.55741201466,31473.373641175942,87.07824897829624,60.0
Singapore,2026,Local-Greedy,0,41300,,46141,46069.35639692691,71.64360307337103,51.46693720981855,2374735.949798238,100.26662899148104,124.01398848946354,42.21752799641312,25066.657247870262,31003.497122365887,85.77822868303092,60.0
Singapore,2026,SA-QUBO,0,41300,0,46141,46070.5493031423,70.45069685789122,52.246949386977754,2410726.4916645405,101.78622964805864,125.89349456470377,42.85735985181405,25446.55741201466,31473.373641175942,87.07824897829624,60.0
Singapore,2026,Fixed-Time,1,41301,,43919,43854.07249401219,64.92750598731001,52.31757379193881,2297735.5233681607,97.01549987554439,119.99285510922616,40.84863152654508,24253.8749688861,29998.21377730654,87.19595631989802,60.0
Singapore,2026,Local-Greedy,1,41301,,43919,43853.19832221834,65.80167778161962,51.22995681139557,2249968.473199682,94.99866886843098,117.49835360042782,39.999439523549896,23749.667217107744,29374.588400106953,85.38326135232595,60.0
Singapore,2026,SA-QUBO,1,41301,0,43919,43854.07249401219,64.92750598731001,52.31757379193881,2297735.5233681607,97.01549987554439,119.99285510922616,40.84863152654508,24253.8749688861,29998.21377730654,87.19595631989802,60.0
Singapore,2026,Fixed-Time,2,41302,,45676,45600.93032197024,75.06967802969275,52.01504676458069,2375839.2760189874,100.31321387635741,124.07160663654712,42.237142684782,25078.30346908935,31017.90165913678,86.69174460763448,60.0
Singapore,2026,Local-Greedy,2,41302,,45676,45601.176510434685,74.82348956531709,51.294186660553365,2342913.2699074354,98.92300472942502,122.3521374284994,41.65179146502108,24730.751182356253,30588.034357124852,85.49031110092228,60.0
Singapore,2026,SA-QUBO,2,41302,0,45676,45600.93032197024,75.06967802969275,52.01504676458069,2375839.2760189874,100.31321387635741,124.07160663654712,42.237142684782,25078.30346908935,31017.90165913678,86.69174460763448,60.0
Singapore,2026,Fixed-Time,3,41303,,45113,45037.644186132,75.35581386853285,52.3618642323434,2362200.781113708,99.73736631368955,123.35937412482697,41.99468055313259,24934.341578422387,30839.84353120674,87.26977372057235,60.0
Singapore,2026,Local-Greedy,3,41303,,45113,45039.89806889186,73.10193110819839,51.356427701387595,2316842.5228926986,97.82223985546952,120.99066508439648,41.18831151809242,24455.55996386738,30247.666271099122,85.59404616897932,60.0
Singapore,2026,SA-QUBO,3,41303,0,45113,45037.644186132,75.35581386853285,52.3618642323434,2362200.781113708,99.73736631368955,123.35937412482697,41.99468055313259,24934.341578422387,30839.84353120674,87.26977372057235,60.0
Singapore,2026,Fixed-Time,4,41304,,47081,46999.506515589965,81.49348441012779,52.503817087654824,2471932.212303877,104.37047118616368,129.08979330920246,43.94546155206893,26092.617796540922,32272.448327300615,87.50636181275804,60.0
Singapore,2026,Local-Greedy,4,41304,,47081,47001.76709867914,79.23290132124137,51.397007361414076,2419822.503582736,102.17028348460444,126.36850852043177,43.019066730359754,25542.57087115111,31592.127130107943,85.66167893569012,60.0
Singapore,2026,SA-QUBO,4,41304,0,47081,46999.506515589965,81.49348441012779,52.503817087654824,2471932.212303877,104.37047118616368,129.08979330920246,43.94546155206893,26092.617796540922,32272.448327300615,87.50636181275804,60.0
Singapore,2026,Fixed-Time,5,41305,,44666,44599.54129002333,66.45870997672854,52.35683722630254,2338570.4915500293,98.73964297655695,122.12534789205708,41.57458651644497,24684.910744139237,30531.33697301427,87.2613953771709,60.0
Singapore,2026,Local-Greedy,5,41305,,44666,44601.824452641085,64.17554735910686,51.198725169391125,2286842.258416024,96.55556202201006,119.42398460617014,40.65497348295154,24138.890505502517,29855.996151542535,85.33120861565187,60.0
Singapore,2026,SA-QUBO,5,41305,0,44666,44599.54129002333,66.45870997672854,52.35683722630254,2338570.4915500293,98.73964297655695,122.12534789205708,41.57458651644497,24684.910744139237,30531.33697301427,87.2613953771709,60.0
Singapore,2026,Fixed-Time,6,41306,,46676,46602.836408996074,73.16359100410091,52.33920398504201,2442984.685205821,103.14824226424567,127.57808911630399,43.430838848103484,25787.060566061416,31894.522279075998,87.23200664173667,60.0
Singapore,2026,Local-Greedy,6,41306,,46676,46606.25508629821,69.74491370155316,51.52044144947406,2404768.1250956515,101.5346541707053,125.58233542166181,42.75143333503381,25383.663542676324,31395.583855415454,85.86740241579011,60.0
Singapore,2026,SA-QUBO,6,41306,0,46676,46602.836408996074,73.16359100410091,52.33920398504201,2442984.685205821,103.14824226424567,127.57808911630399,43.430838848103484,25787.060566061416,31894.522279075998,87.23200664173667,60.0
Singapore,2026,Fixed-Time,7,41307,,43252,43179.382001418635,72.61799858090964,52.37844576186585,2265472.5360922217,95.65328485722722,118.30801021814935,40.27506730830616,23913.321214306805,29577.002554537336,87.29740960310976,60.0
Singapore,2026,Local-Greedy,7,41307,,43252,43180.97512766934,71.02487233034591,51.104533836188445,2210373.2974828226,93.32687256038557,115.43060553521407,39.29552528858351,23331.718140096393,28857.651383803517,85.17422306031406,60.0
Singapore,2026,SA-QUBO,7,41307,0,43252,43179.382001418635,72.61799858090964,52.37844576186585,2265472.5360922217,95.65328485722722,118.30801021814935,40.27506730830616,23913.321214306805,29577.002554537336,87.29740960310976,60.0
Singapore,2026,Fixed-Time,8,41308,,45582,45513.9858027352,68.01419726412547,52.31754026945183,2384738.1205621534,100.68894286817985,124.53632407380134,42.39534436554939,25172.23571704496,31134.081018450335,87.19590044908638,60.0
Singapore,2026,Local-Greedy,8,41308,,45582,45512.571585271195,69.42841472902755,51.39651927355908,2342756.14152737,98.91637042004463,122.34393183531822,41.648998071597696,24729.092605011156,30585.982958829554,85.66086545593181,60.0
Singapore,2026,SA-QUBO,8,41308,0,45582,45513.9858027352,68.01419726412547,52.31754026945183,2384738.1205621534,100.68894286817985,124.53632407380134,42.39534436554939,25172.23571704496,31134.081018450335,87.19590044908638,60.0
Singapore,2026,Fixed-Time,9,41309,,46817,46743.671553260145,73.32844674028479,52.29222680734925,2448165.18243967,103.36697436967502,127.84862619407166,43.52293657670525,25841.743592418756,31962.156548517913,87.15371134558208,60.0
Singapore,2026,Local-Greedy,9,41309,,46817,46744.82835427635,72.17164572352179,51.37869763303128,2405396.4870856255,101.56118501028176,125.61514988113822,42.762604214855564,25390.29625257044,31403.787470284555,85.6311627217188,60.0
Singapore,2026,SA-QUBO,9,41309,0,46817,46743.671553260145,73.32844674028479,52.29222680734925,2448165.18243967,103.36697436967502,127.84862619407166,43.52293657670525,25841.743592418756,31962.156548517913,87.15371134558208,60.0
Singapore,2027,Fixed-Time,0,41300,,47272,47199.238375040215,72.76162495983883,52.32322465904704,2473423.4760824717,104.43343565681559,129.16767041764018,43.97197290813283,26108.358914203898,32291.917604410046,87.20537443174506,60.0
Singapore,2027,Local-Greedy,0,41300,,47272,47200.168260774044,71.8317392259087,51.273222029102314,2423787.7517597247,102.33770507429945,126.57558259189673,43.089560031283995,25584.42626857486,31643.895647974183,85.45537004850387,60.0
Singapore,2027,SA-QUBO,0,41300,0.2,47272,47198.160899295144,73.83910070534128,53.19806394062603,2514778.8786012735,106.17955265205345,131.32734143806653,44.707180064022644,26544.888163013362,32831.83535951663,88.66343990104338,60.0
Singapore,2027,Fixed-Time,1,41301,,44800,44740.453880680034,59.54611932057467,52.238748494428435,2340295.932550394,98.81249492990564,122.21545425540947,41.60526102311812,24703.12373247641,30553.863563852366,87.0645808240474,60.0
Singapore,2027,Local-Greedy,1,41301,,44800,44740.760472333284,59.239527666912636,51.382348399009196,2301929.208275612,97.1925665716366,120.21185865439308,40.92318592489977,24298.14164290915,30052.96466359827,85.63724733168199,60.0
Singapore,2027,SA-QUBO,1,41301,0.2,44800,44737.838016125024,62.16198387484626,53.03685440914692,2376051.077529782,100.32215660681274,124.08266738211084,42.24090804497391,25080.539151703186,31020.66684552771,88.3947573485782,60.0
Singapore,2027,Fixed-Time,2,41302,,46632,46547.51905129923,84.48094870061618,52.24925092040336,2436487.0689202496,102.87389846552121,127.23876915472414,43.31532566969332,25718.474616380303,31809.692288681035,87.08208486733893,60.0
Singapore,2027,Local-Greedy,2,41302,,46632,46550.72838505243,81.27161494748029,51.289450475550886,2391729.654575889,100.98414097098222,124.90143751674087,42.51963830357136,25246.035242745555,31225.359379185218,85.4824174592515,60.0
Singapore,2027,SA-QUBO,2,41302,0.2,46632,46545.7240713751,86.27592862489395,53.31841531086741,2486344.342776369,104.97898336166877,129.8424267894326,44.201677204913224,26244.745840417192,32460.60669735815,88.86402551811234,60.0
Singapore,2027,Fixed-Time,3,41303,,46173,46104.739370764175,68.26062923569751,52.34542337570848,2416945.2335265875,102.04879874890041,126.21825108416623,42.96791526269489,25512.199687225104,31554.562771041557,87.24237229284746,60.0
Singapore,2027,Local-Greedy,3,41303,,46173,46104.87483244814,68.1251675517926,51.40685544328925,2373608.736382995,100.21903553617119,123.95512290000083,42.19748864680879,25054.758884042796,30988.780725000208,85.67809240548209,60.0
Singapore,2027,SA-QUBO,3,41303,0.2,46173,46103.47770904299,69.52229095702171,53.239863527283454,2458244.218645259,103.79253367613299,128.37497586258573,43.70211944258238,25948.13341903325,32093.74396564643,88.73310587880574,60.0
Singapore,2027,Fixed-Time,4,41304,,48021,47942.65405160415,78.3459483961582,52.274798802310656,2510288.11328576,105.98994256095442,131.0928236938119,44.62734423619129,26497.485640238603,32773.20592345298,87.12466467051776,60.0
Singapore,2027,Local-Greedy,4,41304,,48021,47943.573195950135,77.42680404974764,51.52637169734561,2474347.8952782336,104.47246668952576,129.21594564230776,43.9884070271686,26118.11667238144,32303.98641057694,85.87728616224268,60.0
Singapore,2027,SA-QUBO,4,41304,0.2,48021,47939.73538892173,81.26461107904089,53.260980503299876,2557645.5447489633,107.98947855606744,133.56593400355698,45.46925412887046,26997.36963901686,33391.48350088924,88.76830083883313,60.0
Singapore,2027,Fixed-Time,5,41305,,45716,45641.38571433818,74.61428566186193,52.40094324330034,2395561.5213107183,101.1459308997858,125.10154611289308,42.58776037885722,25286.48272494645,31275.38652822327,87.33490540550058,60.0
Singapore,2027,Local-Greedy,5,41305,,45716,45641.96010295218,74.03989704804442,51.140500055503985,2337939.1005374203,98.71298424491344,122.0923752502875,41.563361787331914,24678.24606122836,30523.093812571875,85.23416675917332,60.0
Singapore,2027,SA-QUBO,5,41305,0.2,45716,45638.70184181511,77.2981581848453,53.24220191898947,2434020.502928523,102.76975456809328,127.10995959737842,43.271475607618186,25692.43864202332,31777.489899344604,88.73700319831579,60.0
Singapore,2027,Fixed-Time,6,41306,,47654,47571.69265603572,82.3073439641835,52.31291253686479,2492919.534031755,105.25660254800724,130.18579788832497,44.31856949389786,26314.15063700181,32546.449472081244,87.18818756144131,60.0
Singapore,2027,Local-Greedy,6,41306,,47654,47571.94632792819,82.05367207186774,51.469051996318576,2452706.2038325653,103.55870638404195,128.0857684223673,43.60366584591227,25889.67659601049,32021.442105591825,85.78175332719762,60.0
Singapore,2027,SA-QUBO,6,41306,0.2,47654,47569.846184871094,84.15381512863574,53.128214018504885,2531771.910837832,106.89703623537518,132.21475534375344,45.009278414894794,26724.259058843796,33053.68883593836,88.5470233641748,60.0
Singapore,2027,Fixed-Time,7,41307,,44186,44104.4665010046,81.53349899531082,52.21780613781395,2307295.982005447,97.41916368467423,120.49212350472891,41.01859523565239,24354.79092116856,30123.030876182227,87.02967689635658,60.0
Singapore,2027,Local-Greedy,7,41307,,44186,44106.496150171326,79.50384982902092,51.25163947293365,2264604.941751046,95.61665309615528,118.26270251366573,40.259643408907486,23904.16327403882,29565.675628416433,85.41939912155608,60.0
Singapore,2027,SA-QUBO,7,41307,0.2,44186,44104.07700781597,81.92299218357999,53.204860904946315,2350909.983945958,99.26064376660699,122.7697436060667,41.79395527015036,24815.160941651746,30692.435901516674,88.67476817491051,60.0
Singapore,2027,Fixed-Time,8,41308,,46379,46301.58558481942,77.41441518070047,52.13850800394384,2418131.8627149113,102.09890087018518,126.28021949733426,42.98901089270954,25524.725217546293,31570.054874333564,86.89751333990641,60.0
Singapore,2027,Local-Greedy,8,41308,,46379,46306.938191424175,72.0618085755242,51.3616608547987,2382102.468784709,100.57765979313228,124.39868448097924,42.34848833395038,25144.414948283073,31099.67112024481,85.60276809133117,60.0
Singapore,2027,SA-QUBO,8,41308,0.2,46379,46302.74198315231,76.25801684797193,53.017578406016725,2458902.2688926496,103.82031801991174,128.40934070883836,43.7138181136471,25955.079504977934,32102.33517720959,88.36263067669454,60.0
Singapore,2027,Fixed-Time,9,41309,,47812,47733.607685235074,78.39231476467546,52.349919200968245,2502954.336836694,105.68029422199373,130.70983759036068,44.49696598820789,26420.073555498435,32677.45939759017,87.24986533494709,60.0
Singapore,2027,Local-Greedy,9,41309,,47812,47733.23253159403,78.76746840614723,51.44388635069514,2459635.094199436,103.85125953286497,128.44761047485943,43.72684611910108,25962.814883216244,32111.90261871486,85.73981058449188,60.0
Singapore,2027,SA-QUBO,9,41309,0.2,47812,47732.5631870039,79.43681299560426,52.98457840153048,2533298.662533975,106.96149908476775,132.2944857101076,45.036420667270676,26740.37477119194,33073.6214275269,88.30763066921746,60.0
Singapore,2028,Fixed-Time,0,41300,,47972,47894.603305947014,77.39669405295652,52.199510707172934,2504114.9276445,105.72929694498993,130.770446221435,44.51759871368,26432.32423624748,32692.61155535875,86.9991845119549,60.0
Singapore,2028,Local-Greedy,0,41300,,47972,47898.63341833466,73.36658166528021,51.274260800188344,2459728.839106635,103.85521765116938,128.45250604223537,43.72851269522907,25963.804412792346,32113.126510558843,85.45710133364723,60.0
Singapore,2028,SA-QUBO,0,41300,0.5,47972,47889.835563382985,82.16443661667007,54.39992867944573,2609673.3786103707,110.18620931910459,136.28294310520826,46.394193397517704,27546.552329776147,34070.73577630206,90.66654779907623,60.0
Singapore,2028,Fixed-Time,1,41301,,45694,45618.36015352185,75.63984647819964,52.40027089124852,2394377.9781047096,101.09595907553204,125.03973885657928,42.56671961075039,25273.98976888301,31259.93471414482,87.33378481874753,60.0
Singapore,2028,Local-Greedy,1,41301,,45694,45618.83499902995,75.1650009703722,51.12027783709667,2335889.9754882953,98.62646563172783,121.98536538661097,41.526932897569694,24656.616407931957,30496.34134665274,85.20046306182779,60.0
Singapore,2028,SA-QUBO,1,41301,0.5,45694,45613.98413961472,80.01586038517864,54.67707748722863,2498414.378701425,105.48860710072687,130.4727508877411,44.41625562135867,26372.151775181715,32618.18772193528,91.1284624787144,60.0
Singapore,2028,Fixed-Time,2,41302,,47645,47568.46023217043,76.53976782960478,52.4890980975209,2500843.0788563835,105.59115221838083,130.59958300694447,44.45943251300237,26397.788054595207,32649.895751736116,87.48183016253485,60.0
Singapore,2028,Local-Greedy,2,41302,,47645,47570.66612200737,74.33387799253289,51.64189453784392,2460478.0652555735,103.88685164412443,128.49163229667994,43.74183227121019,25971.712911031107,32122.908074169984,86.06982422973987,60.0
Singapore,2028,SA-QUBO,2,41302,0.5,47645,47566.03546836105,78.96453163903774,54.6716883823232,2604832.5929757887,109.98182059231097,136.03014652206897,46.30813498623625,27495.45514807774,34007.53663051724,91.11948063720533,60.0
Singapore,2028,Fixed-Time,3,41303,,46899,46821.5436245385,77.45637546161903,52.23554697557575,2449794.917607527,103.43578541009572,127.93373458617087,43.551909646356044,25858.94635252393,31983.43364654272,87.05924495929293,60.0
Singapore,2028,Local-Greedy,3,41303,,46899,46820.93382435062,78.06617564928406,51.50012985920916,2415304.5902670505,101.97952714460882,126.13257304727931,42.938748271414234,25494.881786152207,31533.143261819827,85.83354976534861,60.0
Singapore,2028,SA-QUBO,3,41303,0.5,46899,46815.74805978083,83.25194021926646,54.6191579398477,2561583.8882209174,108.15576416932733,133.7716030515368,45.53926912392742,27038.941042331833,33442.9007628842,91.03192989974619,60.0
Singapore,2028,Fixed-Time,4,41304,,48936,48861.48340980744,74.51659019286743,52.55293794398009,2571730.57122661,108.58417967401242,134.3014853862785,45.719654599584175,27146.044918503103,33575.37134656963,87.58822990663349,60.0
Singapore,2028,Local-Greedy,4,41304,,48936,48859.96604489157,76.03395510782839,51.401089354811255,2515363.7086670436,106.20424547705292,131.3578825637234,44.717577042969666,26551.06136926323,32839.47064093085,85.66848225801876,60.0
Singapore,2028,SA-QUBO,4,41304,0.5,48936,48856.95729322757,79.0427067722246,54.464824138154626,2665290.6340247346,112.53449343660013,139.18739977684726,47.38294460488417,28133.62335915003,34796.84994421181,90.77470689692436,60.0
Singapore,2028,Fixed-Time,5,41305,,46430,46363.41525863186,66.58474136776714,52.36306345008168,2431217.0359872924,102.65138596390803,126.96355632378084,43.221636195329644,25662.84649097701,31740.88908094521,87.2717724168028,60.0
Singapore,2028,Local-Greedy,5,41305,,46430,46361.90300797007,68.09699202960415,51.47659834080838,2390058.460963733,100.9135794629131,124.81416407255051,42.48992819491081,25228.394865728278,31203.54101813763,85.79433056801396,60.0
Singapore,2028,SA-QUBO,5,41305,0.5,46430,46357.955936892984,72.04406310717559,54.880161360701464,2548085.891977369,107.58584877237804,133.06670769215148,45.29930474626434,26896.46219309451,33266.67692303787,91.4669356011691,60.0
Singapore,2028,Fixed-Time,6,41306,,48775,48689.943952905436,85.05604709516123,52.49952188052168,2560664.1797224446,108.11693203272507,133.72357382994988,45.522918750621244,27029.23300818127,33430.89345748747,87.4992031342028,60.0
Singapore,2028,Local-Greedy,6,41306,,48775,48691.05154413591,83.94845586465955,51.488902618565106,2511371.225220513,106.03567395375501,131.14938620596013,44.64659955947579,26508.91848843875,32787.34655149003,85.81483769760851,60.0
Singapore,2028,SA-QUBO,6,41306,0.5,48775,48689.4551035905,85.54489640891182,54.28089119028026,2647550.4678059197,111.78546419624998,138.26096887430913,47.06756387210524,27946.366049062493,34565.24221857728,90.46815198380044,60.0
Singapore,2028,Fixed-Time,7,41307,,44927,44861.90475967846,65.09524032132364,52.321001082363004,2350625.615627323,99.24863710426467,122.75489326053797,41.78889983337463,24812.15927606617,30688.72331513449,87.20166847060501,60.0
Singapore,2028,Local-Greedy,7,41307,,44927,44864.17686539045,62.82313460924165,51.38130467352099,2308407.8750672773,97.46611028061832,120.55018903129114,41.03836222341826,24366.52757015458,30137.547257822785,85.63550778920164,60.0
Singapore,2028,SA-QUBO,7,41307,0.5,44927,44858.96637680528,68.03362319397831,54.68581285260208,2456869.5140288537,103.73449059232928,128.30318573261792,43.677680249401845,25933.62264808232,32075.79643315448,91.14302142100347,60.0
Singapore,2028,Fixed-Time,8,41308,,47362,47291.07423109902,70.9257689009371,52.35547123508258,2479659.8286359813,104.6967483201859,129.49334660654569,44.082841397973006,26174.187080046475,32373.336651636422,87.25911872513764,60.0
Singapore,2028,Local-Greedy,8,41308,,47362,47291.01010922132,70.98989077885577,51.37347443602703,2433150.496239112,102.73302095231831,127.0645259147092,43.25600882202866,25683.25523807958,31766.1314786773,85.6224573933784,60.0
Singapore,2028,SA-QUBO,8,41308,0.5,47362,47285.252513426465,76.74748657356255,54.275700877270324,2570605.744949277,108.5366870089697,134.24274445846225,45.69965768798715,27134.171752242422,33560.686114615564,90.4595014621172,60.0
Singapore,2028,Fixed-Time,9,41309,,48825,48743.54791551112,81.45208448948104,52.29916064924178,2553506.5186992297,107.81471967841212,133.34978486540422,45.395671443541865,26953.67991960303,33337.446216351054,87.1652677487363,60.0
Singapore,2028,Local-Greedy,9,41309,,48825,48741.489368128394,83.51063187196544,51.29723316945251,2504587.409498519,105.74924617882617,130.79512027381153,44.525998391084784,26437.311544706543,32698.780068452885,85.49538861575418,60.0
Singapore,2028,SA-QUBO,9,41309,0.5,48825,48739.04315434858,85.95684565138114,53.84736805800058,2629097.7454318786,111.00634925156801,137.297326705887,46.73951547434451,27751.587312892003,34324.33167647175,89.74561343000097,60.0
Singapore,2029,Fixed-Time,0,41300,,48896,48821.55198060554,74.44801939462836,52.27372462043808,2555976.0390409403,107.9189883150617,133.47874870547133,45.4395740273945,26979.747078765424,33369.687176367835,87.1228743673968,60.0
Singapore,2029,Local-Greedy,0,41300,,48896,48818.29789954665,77.70210045384671,51.50785372081781,2518528.015533108,106.33784954473117,131.5231297000623,44.77383138725525,26584.462386182793,32880.782425015575,85.84642286802969,60.0
Singapore,2029,SA-QUBO,0,41300,0.8,48896,48812.04327285416,83.95672714625782,56.06561178390934,2741384.153786031,115.7473309376324,143.16117247549272,48.73571828952944,28936.8327344081,35790.29311887318,93.44268630651555,60.0
Singapore,2029,Fixed-Time,1,41301,,46671,46598.22991116528,72.77008883425196,52.27278089242242,2439622.9570302465,103.00630263016593,127.40253220046843,43.37107479164882,25751.57565754148,31850.633050117107,87.12130148737069,60.0
Singapore,2029,Local-Greedy,1,41301,,46671,46601.01813825912,69.98186174083108,51.44536031033042,2401006.411043431,101.37582624405599,125.3858903544903,42.68455841854989,25343.956561013998,31346.472588622575,85.74226718388404,60.0
Singapore,2029,SA-QUBO,1,41301,0.8,46671,46596.67596838486,74.32403161482512,56.212908137335674,2623512.6356775933,110.77053350638707,137.0056598631632,46.64022463426833,27692.63337659677,34251.4149657908,93.6881802288928,60.0
Singapore,2029,Fixed-Time,2,41302,,48642,48563.44742993354,78.55257006660365,52.39095821181553,2548400.989339131,107.59915288320744,133.08316277659904,45.3049064771401,26899.78822080186,33270.79069414976,87.3182636863592,60.0
Singapore,2029,Local-Greedy,2,41302,,48642,48563.582037616514,78.41796238382804,51.52503351617676,2506280.68029387,105.82073983463007,130.88354663756877,44.55610098300214,26455.18495865752,32720.886659392192,85.87505586029461,60.0
Singapore,2029,SA-QUBO,2,41302,0.8,48642,48559.50107150281,82.49892849720295,56.05627559817595,2726689.3576464746,115.12688398951761,142.39377756598256,48.47447746927067,28781.7209973794,35598.44439149564,93.42712599695992,60.0
Singapore,2029,Fixed-Time,3,41303,,48101,48015.379107547975,85.6208924527779,52.449617338183124,2522879.0435839463,106.52155961798887,131.75035005382833,44.851182997047935,26630.389904497217,32937.58751345708,87.41602889697187,60.0
Singapore,2029,Local-Greedy,3,41303,,48101,48013.91498477431,87.0850152257402,51.54643674634482,2479435.153935932,104.6872620550725,129.481613594432,44.07884718108323,26171.815513768124,32370.403398608,85.91072791057469,60.0
Singapore,2029,SA-QUBO,3,41303,0.8,48101,48008.74793001724,92.2520699830566,56.03162134456562,2695177.018294951,113.79636299467535,140.74813317762522,47.914258103021346,28449.090748668837,35187.033294406305,93.38603557427604,60.0
Singapore,2029,Fixed-Time,4,41304,,49840,49769.9525922939,70.04740770681032,52.44657689577312,2613937.392485332,110.36624546049215,136.5056193853451,46.469998088628124,27591.561365123038,34126.40484633628,87.4109614929552,60.0
Singapore,2029,Local-Greedy,4,41304,,49840,49776.30696697047,63.69303302970012,51.58464174965505,2570978.5448028077,108.55242744722986,134.26221289525773,45.70628524093881,27138.106861807464,33565.55322381443,85.97440291609176,60.0
Singapore,2029,SA-QUBO,4,41304,0.8,49840,49762.98158063524,77.01841936514813,56.001046442880444,2791092.1547131613,117.8461131990001,145.75703474613175,49.61941608378953,29461.528299750025,36439.258686532936,93.33507740480073,60.0
Singapore,2029,Fixed-Time,5,41305,,47517,47447.61068701031,69.38931298965748,52.31902813292435,2486043.2597921663,104.96627096900261,129.82670356692424,44.196324618527406,26241.567742250652,32456.675891731058,87.19838022154059,60.0
Singapore,2029,Local-Greedy,5,41305,,47517,47448.893880698284,68.10611930214486,51.340166327814785,2439530.6833987753,103.00240663239278,127.39771346638048,43.369434371533785,25750.601658098196,31849.42836659512,85.56694387969131,60.0
Singapore,2029,SA-QUBO,5,41305,0.8,47517,47437.05378419526,79.9462158047432,56.026813041028305,2662226.075270542,112.4051009558674,139.02736170857276,47.32846356036519,28101.27523896685,34756.84042714319,93.37802173504717,60.0
Singapore,2029,Fixed-Time,6,41306,,49805,49721.00139045119,83.99860954900359,52.51419086148706,2615469.275856363,110.43092498060176,136.58561773916563,46.49723157077979,27607.73124515044,34146.40443479141,87.52365143581177,60.0
Singapore,2029,Local-Greedy,6,41306,,49805,49725.510608862816,79.48939113721764,51.57603196266987,2568744.271900773,108.45809148025472,134.14553419926258,45.66656483379152,27114.52287006368,33536.38354981565,85.96005327111646,60.0
Singapore,2029,SA-QUBO,6,41306,0.8,49805,49718.352593657575,86.64740634229717,55.856449452683755,2781930.4649909143,117.4592862996167,145.27859094952552,49.45654159983848,29364.821574904177,36319.64773738138,93.09408242113959,60.0
Singapore,2029,Fixed-Time,7,41307,,45962,45872.911818591834,89.08818140795566,52.09639364703548,2394454.4448050447,101.09918766954621,125.04373211759678,42.56807901875635,25274.796917386553,31260.933029399195,86.82732274505912,60.0
Singapore,2029,Local-Greedy,7,41307,,45962,45873.212440709496,88.78755929046122,51.22640682934846,2354468.110690514,99.41087578471037,122.95555689161574,41.85721085672025,24852.718946177592,30738.889222903934,85.37734471558078,60.0
Singapore,2029,SA-QUBO,7,41307,0.8,45962,45870.05609163822,91.94390836185676,56.357350886661514,2590296.5614527366,109.36807703911592,135.2710426536429,46.04971664804865,27342.01925977898,33817.76066341072,93.92891814443585,60.0
Singapore,2029,Fixed-Time,8,41308,,48147,48059.81937392658,87.18062607324937,52.26868307441178,2516580.283983704,106.25561199042319,131.42141483026012,44.73920504859919,26563.902997605797,32855.35370756503,87.11447179068631,60.0
Singapore,2029,Local-Greedy,8,41308,,48147,48066.31735395109,80.6826460492177,51.48340621695432,2478771.5591276996,104.65924360761379,129.44695919889097,44.06704994004799,26164.810901903445,32361.73979972274,85.8056770282572,60.0
Singapore,2029,SA-QUBO,8,41308,0.8,48147,48057.71820090538,89.2817990950612,56.200926502531416,2705906.00831738,114.24936479562268,141.30842487879653,48.104995703420094,28562.34119890567,35327.10621969913,93.66821083755235,60.0
Singapore,2029,Fixed-Time,9,41309,,49577,49496.45733832141,80.54266167863024,52.445659714958076,2600098.4716884764,109.78193547129139,135.782920188176,46.22397283001736,27445.483867822848,33945.730047044,87.40943285826346,60.0
Singapore,2029,Local-Greedy,9,41309,,49577,49497.92204034823,79.07795965262483,51.47746484223441,2552098.2744834553,107.75526047819025,133.2762432230249,45.370635990816986,26938.815119547562,33319.06080575622,85.79577473705736,60.0
Singapore,2029,SA-QUBO,9,41309,0.8,49577,49484.86419167967,92.13580832042402,55.666983318986794,2759802.0320054083,116.52497468467254,144.12299500472687,49.063147235651705,29131.243671168137,36030.748751181716,92.77830553164466,60.0
Singapore,2030,Fixed-Time,0,41300,,49881,49804.47091157043,76.52908842944433,52.32079445363962,2609813.548141998,110.19212758821755,136.29026306963766,46.39668530030218,27548.031897054385,34072.56576740942,87.20132408939936,60.0
Singapore,2030,Local-Greedy,0,41300,,49881,49806.83865153326,74.16134846659097,51.47298798250583,2567524.113555373,108.40657368344908,134.08181481900283,45.644873129873304,27101.64342086227,33520.453704750704,85.78831330417638,60.0
Singapore,2030,SA-QUBO,0,41300,1,49881,49798.44497950413,82.55502049605096,56.7542784608955,2830960.1639079284,119.52942914277946,147.8390307818585,50.32818069169651,29882.357285694867,36959.75769546462,94.5904641014925,60.0
Singapore,2030,Fixed-Time,1,41301,,47491,47408.28042724277,82.71957275693956,52.28445215409627,2483040.917250186,104.83950539500748,129.66991456750972,44.14294964000331,26209.87634875187,32417.47864187743,87.14075359016047,60.0
Singapore,2030,Local-Greedy,1,41301,,47491,47411.9421291139,79.05787088649399,51.32005204334414,2437240.5915904567,102.90571386715281,127.27811978305718,43.328721628274785,25726.428466788202,31819.529945764294,85.53342007224023,60.0
Singapore,2030,SA-QUBO,1,41301,1,47491,47401.257121802584,89.74287819706709,57.20302192344637,2716628.7141663916,114.70210126480308,141.86838840646712,48.2956215851803,28675.52531620077,35467.09710161678,95.33836987241061,60.0
Singapore,2030,Fixed-Time,2,41302,,49499,49425.13060850936,73.86939149104882,52.482999358976826,2597855.985269994,109.68725271139918,135.6658125640997,46.1841064047999,27421.813177849795,33916.453141024926,87.47166559829472,60.0
Singapore,2030,Local-Greedy,2,41302,,49499,49426.231837341096,72.7681626589627,51.51946312015053,2550161.904984331,107.67350265489382,133.1751217047373,45.336211644165886,26918.375663723455,33293.78042618433,85.86577186691756,60.0
Singapore,2030,SA-QUBO,2,41302,1,49499,49415.74877351435,83.25122648604312,56.9568876176181,2819308.980184478,119.03749027445551,147.23058007630053,50.121048536612946,29759.372568613875,36807.645019075135,94.92814602936349,60.0
Singapore,2030,Fixed-Time,3,41303,,49049,48969.18176868628,79.81823131339956,52.393126000859404,2569830.437216153,108.50395179357095,134.20225616573242,45.68587443939827,27125.987948392736,33550.56404143311,87.32187666809901,60.0
Singapore,2030,Local-Greedy,3,41303,,49049,48968.42924638803,80.57075361235098,51.330770479560385,2517722.9612519573,106.3038583639716,131.4810879764911,44.75951931114591,26575.9645909929,32870.27199412278,85.55128413260064,60.0
Singapore,2030,SA-QUBO,3,41303,1,49049,48965.90415680009,83.09584319942705,56.836846845111786,2787790.500905888,117.70671003824837,145.5846150473075,49.56072001610468,29426.677509562094,36396.15376182687,94.7280780751863,60.0
Singapore,2030,Fixed-Time,4,41304,,50929,50850.74172084755,78.2582791535375,52.42669621543852,2670039.211556068,112.73498893236723,139.43538104792802,47.46736376099677,28183.747233091806,34858.845261982,87.37782702573085,60.0
Singapore,2030,Local-Greedy,4,41304,,50929,50857.00870485013,71.99129515010831,51.700855327210355,2633072.8609594963,111.17418746273493,137.50491607232925,46.81018419483549,27793.546865683733,34376.22901808231,86.16809221201727,60.0
Singapore,2030,SA-QUBO,4,41304,1,50929,50851.70016076418,77.29983923606514,56.661475412789684,2885712.281297966,121.84118521035833,150.69830802333823,51.3015516675194,30460.296302589584,37674.57700583456,94.43579235464946,60.0
Singapore,2030,Fixed-Time,5,41305,,48284,48199.51036516101,84.48963483899944,52.326123572863615,2526514.550592147,106.67505880277979,131.940204308701,44.91581423274928,26668.76470069495,32985.05107717525,87.21020595477269,60.0
Singapore,2030,Local-Greedy,5,41305,,48284,48202.499340715396,81.50065928468113,51.53973496948278,2488544.5632665064,105.07188156014153,129.95732719280645,44.24079223584901,26267.970390035385,32489.331798201612,85.8995582824713,60.0
Singapore,2030,SA-QUBO,5,41305,1,48284,48190.576012354264,93.42398764599606,56.97006550000928,2750742.642602448,116.14246713210365,143.64989355812781,48.90209142404352,29035.61678302591,35912.47338953195,94.95010916668213,60.0
Singapore,2030,Fixed-Time,6,41306,,50808,50736.25262586616,71.74737413403808,52.536435426025946,2669271.211125526,112.70256224752234,139.39527435877747,47.45371042000935,28175.640561880584,34848.81858969437,87.56072571004324,60.0
Singapore,2030,Local-Greedy,6,41306,,50808,50738.4985421757,69.50145782445284,51.673290520192076,2625416.544749919,110.85092077832991,137.1050862258291,46.674071906665226,27712.730194582477,34276.27155645727,86.1221508669868,60.0
Singapore,2030,SA-QUBO,6,41306,1,50808,50729.74142787946,78.25857212082533,56.77153201562742,2884447.998649998,121.78780438744401,150.63228437394434,51.27907553155552,30446.951096861005,37658.07109348608,94.61922002604571,60.0
Singapore,2030,Fixed-Time,7,41307,,46975,46898.12703534953,76.87296465007446,52.111933096283884,2447958.0571979354,103.35822908169072,127.83780965366996,43.51925435018552,25839.55727042268,31959.45241341749,86.8532218271398,60.0
Singapore,2030,Local-Greedy,7,41307,,46975,46899.66533951743,75.33466048221659,51.48952874345859,2418720.6127239675,102.12375920390107,126.31096533114052,42.9994775595372,25530.93980097527,31577.74133278513,85.81588123909766,60.0
Singapore,2030,SA-QUBO,7,41307,1,46975,46888.00010742804,86.99989257169838,57.36131294567896,2694547.6756232693,113.76979074853791,140.71526750477074,47.90306978885812,28442.447687134478,35178.816876192686,95.60218824279826,60.0
Singapore,2030,Fixed-Time,8,41308,,49167,49077.78089158071,89.21910841920318,52.368855191815,2574819.503215968,108.71460124689656,134.4627962790561,45.774568946061656,27178.65031172414,33615.69906976403,87.28142531969166,60.0
Singapore,2030,Local-Greedy,8,41308,,49167,49084.000241027235,82.9997589725543,51.25733233443244,2520169.25888704,106.4071464863417,131.60883907521207,44.80300904688071,26601.786621585426,32902.20976880302,85.42888722405408,60.0
Singapore,2030,SA-QUBO,8,41308,1,49167,49077.944685279224,89.05531472088046,56.9354660010282,2799346.0568725537,118.19461129017431,146.18807185890003,49.76615212217873,29548.652822543576,36547.017964725004,94.89244333504702,60.0
Singapore,2030,Fixed-Time,9,41309,,50676,50597.05951129921,78.94048870090957,52.31538877748125,2651134.64168764,111.93679598236683,138.4481423992434,47.13128251889138,27984.19899559171,34612.03559981085,87.19231462913541,60.0
Singapore,2030,Local-Greedy,9,41309,,50676,50598.823381514296,77.17661848601891,51.527223695167415,2611193.587976304,110.2503959367773,136.36233181654032,46.421219341800956,27562.598984194323,34090.58295413508,85.87870615861236,60.0
Singapore,2030,SA-QUBO,9,41309,1,50676,50592.958593251205,83.04140674922277,56.83606755200022,2880224.5592651633,121.60948139119591,150.41172698384742,51.203992164714016,30402.370347798977,37602.931745961854,94.72677925333372,60.0
Oslo,2025,Fixed-Time,0,41400,,243443,243061.83195243185,381.168047452903,56.0071710167589,13634553.733832838,575.6811576507195,712.0266949890482,242.39206637925048,143920.28941267988,178006.67374726204,266.8401020186845,20.989038226659503
Oslo,2025,Local-Greedy,0,41400,,243443,243092.0851390856,350.9148608254833,47.594923304778135,11586650.914085103,489.2141497058161,605.0806588466666,205.98490513929073,122303.53742645403,151270.16471166664,226.76085864822912,20.989038226659503
Oslo,2025,SA-QUBO,0,41400,0,243443,243061.83195243185,381.168047452903,56.0071710167589,13634553.733832838,575.6811576507195,712.0266949890482,242.39206637925048,143920.28941267988,178006.67374726204,266.8401020186845,20.989038226659503
Oslo,2025,Fixed-Time,1,41401,,243640,243226.62925588898,413.3707440008526,58.580150159323814,14272467.784817655,602.6153064700804,745.3399843182553,253.73276061898054,150653.8266175201,186334.99607956383,279.09878254887104,20.989038226659503
Oslo,2025,Local-Greedy,1,41401,,243640,243259.25762270697,380.7423772045007,47.63467771997903,11605712.879695691,490.0189882538187,606.076117050775,206.32378452792338,122504.74706345468,151519.02926269374,226.95026425496346,20.989038226659503
Oslo,2025,SA-QUBO,1,41401,0,243640,243226.62925588898,413.3707440008526,58.580150159323814,14272467.784817655,602.6153064700804,745.3399843182553,253.73276061898054,150653.8266175201,186334.99607956383,279.09878254887104,20.989038226659503
Oslo,2025,Fixed-Time,2,41402,,244782,244400.5264491558,381.47355072512704,55.103487851774965,13488341.96333318,569.507771785176,704.3911914185105,239.79274601481208,142376.942946294,176097.79785462763,262.53460142725623,20.989038226659503
Oslo,2025,Local-Greedy,2,41402,,244782,244415.91368975848,366.08631015387647,47.95392154456368,11738256.823521387,495.61528810423465,612.9978563394502,208.68012130704687,123903.82202605867,153249.46408486256,228.47126689042082,20.989038226659503
Oslo,2025,SA-QUBO,2,41402,0,244782,244400.5264491558,381.47355072512704,55.103487851774965,13488341.96333318,569.507771785176,704.3911914185105,239.79274601481208,142376.942946294,176097.79785462763,262.53460142725623,20.989038226659503
Oslo,2025,Fixed-Time,3,41403,,243638,243249.8850240496,388.11497583126743,65.66395457467063,15998234.564663602,675.4810149524637,835.4633605990992,284.41305892735295,168870.25373811595,208865.8401497748,312.848801672421,20.989038226659503
Oslo,2025,Local-Greedy,3,41403,,243638,243283.3781553916,354.62184452073086,47.79348515501846,11644309.136198387,491.64860797282074,608.0916993348046,207.00994019908242,122912.15199320519,152022.92483370117,227.70688508400988,20.989038226659503
Oslo,2025,SA-QUBO,3,41403,0,243638,243249.8850240496,388.11497583126743,65.66395457467063,15998234.564663602,675.4810149524637,835.4633605990992,284.41305892735295,168870.25373811595,208865.8401497748,312.848801672421,20.989038226659503
Oslo,2025,Fixed-Time,4,41404,,243357,242951.01961643013,405.98038345516244,62.252208885112736,15149510.797654381,639.6460114565173,791.1411194330622,269.32463640274455,159911.50286412932,197785.27985826554,296.593908748245,20.989038226659503
Oslo,2025,Local-Greedy,4,41404,,243357,242970.53326561558,386.46673430066875,47.993465664140516,11679545.823628243,493.13637921985855,609.9318374561416,207.63637019783545,123284.09480496464,152482.9593640354,228.65967056642444,20.989038226659503
Oslo,2025,SA-QUBO,4,41404,0,243357,242951.01961643013,405.98038345516244,62.252208885112736,15149510.797654381,639.6460114565173,791.1411194330622,269.32463640274455,159911.50286412932,197785.27985826554,296.593908748245,20.989038226659503
Oslo,2025,Fixed-Time,5,41405,,244915,244561.5586643598,353.4413355252083,54.122438063863996,13255396.918411251,559.6723143329193,692.226283517032,235.6515007717556,139918.07858322983,173056.570879258,257.8604959379209,20.989038226659503
Oslo,2025,Local-Greedy,5,41405,,244915,244575.20678491774,339.79321499282196,47.672272698256904,11675654.66789359,492.9720859777281,609.7286326566652,207.56719409588607,123243.02149443203,152432.15816416632,227.12938145829546,20.989038226659503
Oslo,2025,SA-QUBO,5,41405,0,244915,244561.5586643598,353.4413355252083,54.122438063863996,13255396.918411251,559.6723143329193,692.226283517032,235.6515007717556,139918.07858322983,173056.570879258,257.8604959379209,20.989038226659503
Oslo,2025,Fixed-Time,6,41406,,240798,240436.11142104954,361.888578836095,58.329313544651676,14045582.042925034,593.0356862568341,733.4915066860851,249.6992363186673,148258.92156420852,183372.87667152128,277.90369865811164,20.989038226659503
Oslo,2025,Local-Greedy,6,41406,,240798,240464.18284793117,333.8171519771122,47.484276897814844,11434118.908440018,482.773909467467,597.1150985518676,203.27322503893365,120693.47736686675,149278.7746379669,226.2336958227179,20.989038226659503
Oslo,2025,SA-QUBO,6,41406,0,240798,240436.11142104954,361.888578836095,58.329313544651676,14045582.042925034,593.0356862568341,733.4915066860851,249.6992363186673,148258.92156420852,183372.87667152128,277.90369865811164,20.989038226659503
Oslo,2025,Fixed-Time,7,41407,,242194,241805.48725055958,388.5127493253116,58.35591360531725,14133452.139726205,596.745757010661,738.080278407924,251.2613713729103,149186.43925266527,184520.069601981,278.0304317669769,20.989038226659503
Oslo,2025,Local-Greedy,7,41407,,242194,241839.68044745637,354.3195524520067,47.8475656415072,11588393.312979195,489.2877176591214,605.1716507889134,206.01588111963014,122321.92941478036,151292.91269722837,227.96454570621052,20.989038226659503
Oslo,2025,SA-QUBO,7,41407,0,242194,241805.48725055958,388.5127493253116,58.35591360531725,14133452.139726205,596.745757010661,738.080278407924,251.2613713729103,149186.43925266527,184520.069601981,278.0304317669769,20.989038226659503
Oslo,2025,Fixed-Time,8,41408,,245065,244666.0185163667,398.98148351361704,58.86423034380162,14425562.609203745,609.079310166379,753.3349362584178,256.45444638584434,152269.82754159474,188333.73406460445,280.45225182845417,20.989038226659503
Oslo,2025,Local-Greedy,8,41408,,245065,244687.7954310353,377.2045688753318,47.683438268207794,11685541.799198342,493.38954263281795,610.2449606248024,207.74296531908166,123347.38565820448,152561.2401562006,227.1825786073515,20.989038226659503
Oslo,2025,SA-QUBO,8,41408,0,245065,244666.0185163667,398.98148351361704,58.86423034380162,14425562.609203745,609.079310166379,753.3349362584178,256.45444638584434,152269.82754159474,188333.73406460445,280.45225182845417,20.989038226659503
Oslo,2025,Fixed-Time,9,41409,,239359,238988.4629140495,370.53708583519693,57.12051651243355,13672309.71189958,577.2752989468721,713.998396065867,243.06328376710366,144318.82473671803,178499.59901646676,272.1445160830722,20.989038226659503
Oslo,2025,Local-Greedy,9,41409,,239359,239001.21932863534,357.7806712808091,47.654470036637214,11406526.293499447,481.60888794775497,595.6741508827489,202.7826896622124,120402.22198693875,148918.53772068722,227.04456260462794,20.989038226659503
Oslo,2025,SA-QUBO,9,41409,0,239359,238988.4629140495,370.53708583519693,57.12051651243355,13672309.71189958,577.2752989468721,713.998396065867,243.06328376710366,144318.82473671803,178499.59901646676,272.1445160830722,20.989038226659503
Oslo,2026,Fixed-Time,0,41400,,247923,247508.3346233941,414.6653764891711,56.64266266640847,14043018.856243987,592.9274628191899,733.3576513816304,249.65366855544866,148231.8657047975,183339.41284540758,269.86783317428547,20.989038226659503
Oslo,2026,Local-Greedy,0,41400,,247923,247543.8124816686,379.1875182453693,47.69094494442821,11823682.143457476,499.222134945982,617.4589563805571,210.19879366146625,124805.5337364955,154364.73909513926,227.2183433534031,20.989038226659503
Oslo,2026,SA-QUBO,0,41400,0,247923,247508.3346233941,414.6653764891711,56.64266266640847,14043018.856243987,592.9274628191899,733.3576513816304,249.65366855544866,148231.8657047975,183339.41284540758,269.86783317428547,20.989038226659503
Oslo,2026,Fixed-Time,1,41401,,248583,248184.56287440224,398.43712547917244,59.55492457380436,14804341.815330008,625.0722099806013,773.1156281339004,263.18829893920014,156268.05249515033,193278.9070334751,283.74298970097584,20.989038226659503
Oslo,2026,Local-Greedy,1,41401,,248583,248213.3902845068,369.6097154132564,47.83095310057819,11889961.814601028,502.02060994982077,620.9202280958315,211.3770989262405,125505.1524874552,155230.05702395787,227.885397053711,20.989038226659503
Oslo,2026,SA-QUBO,1,41401,0,248583,248184.56287440224,398.43712547917244,59.55492457380436,14804341.815330008,625.0722099806013,773.1156281339004,263.18829893920014,156268.05249515033,193278.9070334751,283.74298970097584,20.989038226659503
Oslo,2026,Fixed-Time,2,41402,,249285,248906.22958254637,378.7704173388196,55.883181116286735,13930838.80457354,588.190971748662,727.499359794396,247.65935652575183,147047.74293716552,181874.839948599,266.24936556314424,20.989038226659503
Oslo,2026,Local-Greedy,2,41402,,249285,248925.3152649942,359.68473492579153,48.00772639141786,11967606.073484601,505.2989231026807,624.9749838375292,212.75744130639293,126324.73077567018,156243.7459593823,228.72761425742806,20.989038226659503
Oslo,2026,SA-QUBO,2,41402,0,249285,248906.22958254637,378.7704173388196,55.883181116286735,13930838.80457354,588.190971748662,727.499359794396,247.65935652575183,147047.74293716552,181874.839948599,266.24936556314424,20.989038226659503
Oslo,2026,Fixed-Time,3,41403,,248648,248259.6389483534,388.36105153290293,67.46823131937238,16775840.781099305,708.3132774241911,876.0716852351859,298.2371694417654,177078.31935604778,219017.92130879647,321.4450828608084,20.989038226659503
Oslo,2026,Local-Greedy,3,41403,,248648,248283.22761207534,364.77238783681895,47.94329361701159,11921004.071282698,503.3312830097145,622.5413237225409,211.92896126724798,125832.82075242863,155635.33093063525,228.4206312803594,20.989038226659503
Oslo,2026,SA-QUBO,3,41403,0,248648,248259.6389483534,388.36105153290293,67.46823131937238,16775840.781099305,708.3132774241911,876.0716852351859,298.2371694417654,177078.31935604778,219017.92130879647,321.4450828608084,20.989038226659503
Oslo,2026,Fixed-Time,4,41404,,248103,247719.57043154328,383.42956834089784,65.77693351023383,16319454.534689544,689.0436359091152,852.2381812560094,290.12363617225856,172260.9089772788,213059.54531400235,313.3870775778873,20.989038226659503
Oslo,2026,Local-Greedy,4,41404,,248103,247740.37279197745,362.627207935163,48.117326783021674,11938053.126848027,504.0511320224727,623.4316632909525,212.23205558840937,126012.78300561817,155857.91582273814,229.24979345601852,20.989038226659503
Oslo,2026,SA-QUBO,4,41404,0,248103,247719.57043154328,383.42956834089784,65.77693351023383,16319454.534689544,689.0436359091152,852.2381812560094,290.12363617225856,172260.9089772788,213059.54531400235,313.3870775778873,20.989038226659503
Oslo,2026,Fixed-Time,5,41405,,249630,249230.0875428358,399.9124570501543,55.78242184562162,13924965.965322524,587.9430074247265,727.1926670779541,247.55495049462266,146985.75185618163,181798.1667694885,265.7693089279757,20.989038226659503
Oslo,2026,Local-Greedy,5,41405,,249630,249250.45416764758,379.54583226351144,47.79819698997592,11931863.914607689,503.78980972787923,623.1084488739571,212.12202514858114,125947.45243196981,155777.11221848926,227.72933411148117,20.989038226659503
Oslo,2026,SA-QUBO,5,41405,0,249630,249230.0875428358,399.9124570501543,55.78242184562162,13924965.965322524,587.9430074247265,727.1926670779541,247.55495049462266,146985.75185618163,181798.1667694885,265.7693089279757,20.989038226659503
Oslo,2026,Fixed-Time,6,41406,,245726,245330.41558751033,395.5844123790457,58.585306386672116,14395932.997171393,607.8282821027933,751.7876120745061,255.92769772749145,151957.07052569833,187946.90301862653,279.12334883577097,20.989038226659503
Oslo,2026,Local-Greedy,6,41406,,245726,245343.89480161696,382.10519829773693,47.622919305324515,11702189.469220173,494.0924442559634,611.1143389481646,208.0389238972475,123523.11106399086,152778.58473704115,226.89424256150835,20.989038226659503
Oslo,2026,SA-QUBO,6,41406,0,245726,245330.41558751033,395.5844123790457,58.585306386672116,14395932.997171393,607.8282821027933,751.7876120745061,255.92769772749145,151957.07052569833,187946.90301862653,279.12334883577097,20.989038226659503
Oslo,2026,Fixed-Time,7,41407,,247240,246868.46568719586,371.534312683508,57.42391467351411,14197488.66387963,599.4495213638057,741.4244080026028,252.3997984689712,149862.38034095144,185356.10200065072,273.5900237704859,20.989038226659503
Oslo,2026,Local-Greedy,7,41407,,247240,246886.19843309847,353.80156681812895,47.93847418597186,11852308.357739683,500.43079732678706,618.9538809041835,210.7077041375944,125107.69933169677,154738.47022604587,228.3976696230043,20.989038226659503
Oslo,2026,SA-QUBO,7,41407,0,247240,246868.46568719586,371.534312683508,57.42391467351411,14197488.66387963,599.4495213638057,741.4244080026028,252.3997984689712,149862.38034095144,185356.10200065072,273.5900237704859,20.989038226659503
Oslo,2026,Fixed-Time,8,41408,,250033,249624.85782180564,408.142178075849,59.44724255133848,14863772.396838816,627.5815011998625,776.2192251682494,264.24484261046786,156895.3752999656,194054.80629206236,283.2299503644278,20.989038226659503
Oslo,2026,Local-Greedy,8,41408,,250033,249659.0487490385,373.95125087869087,47.814388215481564,11955174.928681502,504.7740525443301,624.3258018311451,212.53644317656006,126193.51313608253,156081.45045778627,227.80647545226486,20.989038226659503
Oslo,2026,SA-QUBO,8,41408,0,250033,249624.85782180564,408.142178075849,59.44724255133848,14863772.396838816,627.5815011998625,776.2192251682494,264.24484261046786,156895.3752999656,194054.80629206236,283.2299503644278,20.989038226659503
Oslo,2026,Fixed-Time,9,41409,,244145,243754.91206102548,390.08793885848644,57.27787030245692,13984105.644993344,590.4400161219405,730.2810725718746,248.60632257765945,147610.00403048514,182570.26814296865,272.89421117783604,20.989038226659503
Oslo,2026,Local-Greedy,9,41409,,244145,243778.58563513018,366.4143647814745,47.95839817706772,11708803.1229402,494.371687413031,611.4597186424327,208.15649996338132,123592.92185325775,152864.92966060818,228.4925953212698,20.989038226659503
Oslo,2026,SA-QUBO,9,41409,0,244145,243754.91206102548,390.08793885848644,57.27787030245692,13984105.644993344,590.4400161219405,730.2810725718746,248.60632257765945,147610.00403048514,182570.26814296865,272.89421117783604,20.989038226659503
Oslo,2027,Fixed-Time,0,41400,,252939,252553.28468691526,385.7153129655435,60.3492562232738,15264680.51985865,644.5087330606998,797.155538259285,271.37209813082046,161127.18326517494,199288.88456482126,287.5274968369937,20.989038226659503
Oslo,2027,Local-Greedy,0,41400,,252939,252577.2618652829,361.73813463497424,47.973154757374935,12134281.791175658,512.3363422940824,633.6791602058399,215.72056517645615,128084.08557352061,158419.79005145998,228.5629014503447,20.989038226659503
Oslo,2027,SA-QUBO,0,41400,0.2,252939,252546.95632724615,392.04367266161034,58.25021020038612,14733749.917875465,622.091663199187,769.429162377941,261.9333318733416,155522.91579979676,192357.29059448524,277.52681933943427,20.989038226659503
Oslo,2027,Fixed-Time,1,41401,,253518,253088.01222354828,429.98777633711853,60.96513716573488,15455759.643982776,652.5765183014954,807.1341147413226,274.76906033747156,163144.12957537387,201783.52868533065,290.4617949015844,20.989038226659503
Oslo,2027,Local-Greedy,1,41401,,253518,253110.7136586292,407.2863412892498,47.9664993138449,12160370.973047331,513.4378855286639,635.0415952591384,216.1843728541748,128359.47138216597,158760.3988147846,228.53119231027756,20.989038226659503
Oslo,2027,SA-QUBO,1,41401,0.2,253518,253077.96750737782,440.0324925121017,61.55983866607867,15606527.178946933,658.9422586666487,815.0075304561176,277.44937207016767,164735.5646666622,203751.8826140294,293.2951858074547,20.989038226659503
Oslo,2027,Fixed-Time,2,41402,,254264,253852.47261076546,411.52738912050546,56.965681594668624,14484322.064986823,611.5602649661092,756.4034856159786,257.4990589330991,152890.0662415273,189100.87140399465,271.40682188244773,20.989038226659503
Oslo,2027,Local-Greedy,2,41402,,254264,253866.7858517731,397.2141481451157,48.167461025525895,12247251.310194315,517.1061664304273,639.5786795323698,217.72891218123226,129276.54160760682,159894.66988309246,229.48865262604247,20.989038226659503
Oslo,2027,SA-QUBO,2,41402,0.2,254264,253846.1356082659,417.8643916329023,56.661468786802956,14406971.699607667,608.2943606501005,752.3640776461782,256.12394132635853,152073.59016252513,188091.01941154455,269.95743289863395,20.989038226659503
Oslo,2027,Fixed-Time,3,41403,,253184,252774.28398726604,409.7160126148426,73.00722500225822,18484261.254971746,780.4465863210283,965.2891988707468,328.60908897727546,195111.64658025707,241322.2997176867,347.8350185170807,20.989038226659503
Oslo,2027,Local-Greedy,3,41403,,253184,252792.68401577533,391.31598414182815,47.91957198687831,12132468.913925799,512.2597985879769,633.5844877272361,215.68833624756977,128064.94964699422,158396.12193180903,228.30761214209727,20.989038226659503
Oslo,2027,SA-QUBO,3,41403,0.2,253184,252770.70764210224,413.29235779585684,73.38602944762265,18580168.479666892,784.4960024748243,970.2976872714933,330.3141063051892,196124.00061870608,242574.4218178733,349.63979128119564,20.989038226659503
Oslo,2027,Fixed-Time,4,41404,,252902,252516.93651707456,385.06348281020064,67.5538543656931,17084504.876792517,721.3457614645725,892.190810232498,303.72453114297804,180336.44036614313,223047.70255812453,321.8530245939935,20.989038226659503
Oslo,2027,Local-Greedy,4,41404,,252902,252529.40169284074,372.59830707202286,48.18402027229482,12185835.094903905,514.5130373403874,636.3713882894261,216.63706835384718,128628.25933509685,159092.84707235653,229.5675473642868,20.989038226659503
Oslo,2027,SA-QUBO,4,41404,0.2,252902,252514.27775321103,387.72224669049854,60.84158891327708,15386959.5193456,649.6716241501471,803.5412193436035,273.5459470105884,162417.90603753677,200885.30483590087,289.8731626301883,20.989038226659503
Oslo,2027,Fixed-Time,5,41405,,254875,254474.61513080646,400.3848690745748,55.34910382345742,14107102.83700371,595.6332308957112,736.7042592657493,250.7929393245104,148908.3077239278,184176.06481643734,263.704812129767,20.989038226659503
Oslo,2027,Local-Greedy,5,41405,,254875,254491.45928509795,383.5407148148088,47.87393834259265,12201870.035068301,515.1900681473286,637.2087684980113,216.9221339567698,128797.51703683214,159302.19212450282,228.09019558497417,20.989038226659503
Oslo,2027,SA-QUBO,5,41405,0.2,254875,254469.35674669658,405.64325320367834,53.70829348922771,13688901.303066911,577.9758327961588,714.8648458268276,243.35824538785621,144493.95819903968,178716.2114567069,255.88734895441476,20.989038226659503
Oslo,2027,Fixed-Time,6,41406,,250440,250028.17164372044,411.8283561595221,60.71147969828156,15204582.975637633,641.9712811935889,794.0171109499653,270.30369734466905,160492.82029839722,198504.27773749133,289.2532713631827,20.989038226659503
Oslo,2027,Local-Greedy,6,41406,,250440,250058.3209136957,381.6790862167885,47.763658179544386,11961930.554485096,505.05929007826,624.6785956231105,212.65654319084615,126264.822519565,156169.64890577763,227.56477768894024,20.989038226659503
Oslo,2027,SA-QUBO,6,41406,0.2,250440,250032.51075869252,407.48924120054255,61.224421301387565,15333044.070719501,647.3951940970455,800.7256348042406,272.58745014612447,161848.7985242614,200181.40870106014,291.6971260913831,20.989038226659503
Oslo,2027,Fixed-Time,7,41407,,252016,251630.81644416868,385.1835557121212,59.45447324979373,14983478.530520016,632.6357601775113,782.470545482712,266.3729516536892,158158.94004437784,195617.63637067802,283.26440024429917,20.989038226659503
Oslo,2027,Local-Greedy,7,41407,,252016,251654.33467570966,361.6653242087242,48.08472969199252,12118121.238057187,511.65400782908074,632.8352202096531,215.43326645435,127913.50195727019,158208.80505241329,229.09448814532658,20.989038226659503
Oslo,2027,SA-QUBO,7,41407,0.2,252016,251627.02975413488,388.9702457664562,59.854928982379015,15084399.78242323,636.8968797023132,787.7408775265465,268.1671072430796,159224.2199255783,196935.21938163662,285.1723282220406,20.989038226659503
Oslo,2027,Fixed-Time,8,41408,,255227,254799.94832821714,427.05167166847633,61.07049879254218,15586840.195324164,658.1110304692435,813.9794324224841,277.0993812502074,164527.75761731088,203494.85810562104,290.9637789642628,20.989038226659503
Oslo,2027,Local-Greedy,8,41408,,255227,254827.8816346754,399.11836524088113,47.868904928482536,12217436.998181812,515.8473399232321,638.0217099050502,217.19887996767667,128961.83498080802,159505.42747626256,228.06621442844968,20.989038226659503
Oslo,2027,SA-QUBO,8,41408,0.2,255227,254797.3676998069,429.6323000945796,56.78548222054957,14493188.270704204,611.9346158741761,756.8664985812195,257.6566803680747,152983.653968544,189216.62464530487,270.54828147591223,20.989038226659503
Oslo,2027,Fixed-Time,9,41409,,248989,248591.24002099084,397.7599788945198,58.93977524517492,14675355.698520858,619.6261294931038,766.3796864783114,260.8952124181486,154906.53237327596,191594.92161957786,280.812177331269,20.989038226659503
Oslo,2027,Local-Greedy,9,41409,,248989,248624.72366783803,364.27633207520853,47.98544580424044,11947848.165352024,504.46470031486155,623.9431819683834,212.4061896062582,126116.17507871539,155985.79549209587,228.62146081229724,20.989038226659503
Oslo,2027,SA-QUBO,9,41409,0.2,248989,248585.83586388375,403.16413601547725,59.28082431688552,14760273.165837009,623.211533668674,770.8142653270438,262.4048562815468,155802.8834171685,192703.56633176096,282.43706870565035,20.989038226659503
Oslo,2028,Fixed-Time,0,41400,,258146,257717.98460852355,428.0153913565101,63.165370547313564,16305887.745306807,688.4708159129533,851.5296933660222,289.8824488054544,172117.70397823834,212882.42334150555,300.9445686133595,20.989038226659503
Oslo,2028,Local-Greedy,0,41400,,258146,257746.24481186632,399.75518805230877,48.05641014553671,12405570.053429719,523.790735589255,647.8464361235519,220.54346761652835,130947.68389731373,161961.60903088798,228.9595627325945,20.989038226659503
Oslo,2028,SA-QUBO,0,41400,0.5,258146,257703.33758946904,442.66241046479337,61.65012775402145,15914733.87918962,671.9554304546737,831.1027692465691,282.92860229670436,167988.85761366843,207775.69231164228,293.7253583907228,20.989038226659503
Oslo,2028,Fixed-Time,1,41401,,258889,258509.46923322222,379.53076665863284,60.4483133141227,15649403.385579912,660.7525873911522,817.246621246951,278.21161574364294,165188.14684778807,204311.65531173776,287.9994436207348,20.989038226659503
Oslo,2028,Local-Greedy,1,41401,,258889,258518.9905826944,370.00941721961857,48.073692521889086,12445750.183299344,525.4872299615284,649.9447317945213,221.2577810364328,131371.8074903821,162486.18294863033,229.0419027434409,20.989038226659503
Oslo,2028,SA-QUBO,1,41401,0.5,258889,258478.22742658606,410.7725733432083,60.56878455634543,15680592.06500771,662.0694427447704,818.8753633948471,278.76608115569263,165517.3606861926,204718.84084871178,288.5734158100355,20.989038226659503
Oslo,2028,Fixed-Time,2,41402,,259600,259207.46144893632,392.5385509484864,57.722372262552874,14984727.839358727,632.6885087729249,782.5357871665112,266.39516158859954,158172.12719323122,195633.9467916278,275.01199263735697,20.989038226659503
Oslo,2028,Local-Greedy,2,41402,,259600,259217.48948126138,382.51051865637555,48.30156917443918,12539087.357684411,529.4281328800076,654.8190064568527,222.9171085810562,132357.0332200019,163704.75161421316,230.12759638070654,20.989038226659503
Oslo,2028,SA-QUBO,2,41402,0.5,259600,259196.15153880726,403.84846111949605,54.40851195038159,14124449.70231906,596.3656540979164,737.6101511211065,251.10132804122773,149091.41352447908,184402.53778027662,259.2234639950005,20.989038226659503
Oslo,2028,Fixed-Time,3,41403,,258631,258219.52609137323,411.4739085087531,73.78767797772078,19083780.9430559,805.7596398179147,996.597449248475,339.26721676543826,201439.90995447867,249149.36231211873,351.55340221353447,20.989038226659503
Oslo,2028,Local-Greedy,3,41403,,258631,258246.70057251706,384.2994274005431,48.29722955435885,12491160.776873384,527.4045661346547,652.3161739033878,222.06508047774906,131851.14153366367,163079.04347584696,230.106920730715,20.989038226659503
Oslo,2028,SA-QUBO,3,41403,0.5,258631,258196.19739032278,434.8026095924232,72.66777241920502,18794138.648551416,793.5302984943901,981.4716849799073,334.11802041869186,198382.57462359752,245367.92124497684,346.21773344004447,20.989038226659503
Oslo,2028,Fixed-Time,4,41404,,258059,257635.51077986686,423.48922001250884,67.97911991819277,17542623.706968907,740.688556516463,916.1147935861541,311.8688659016695,185172.13912911573,229028.69839653853,323.87915627238317,20.989038226659503
Oslo,2028,Local-Greedy,4,41404,,258059,257660.4888463335,398.5111535833686,48.424077063641015,12496268.902966136,527.6202425696823,652.5829315993426,222.15589160828685,131905.06064242058,163145.73289983565,230.71127195401712,20.989038226659503
Oslo,2028,SA-QUBO,4,41404,0.5,258059,257611.21147175212,447.78852817592525,60.56500301989296,15629344.114310559,659.9056403820002,816.199081525107,277.8550064766321,164976.41009550006,204049.77038127676,288.5553990890613,20.989038226659503
Oslo,2028,Fixed-Time,5,41405,,259758,259336.8913393597,421.10866052387667,57.8423662128875,15025017.36272723,634.3896219818175,784.6397956090887,267.1114197818174,158597.40549545438,196159.94890227215,275.5836908211366,20.989038226659503
Oslo,2028,Local-Greedy,5,41405,,259758,259352.32569604387,405.6743038733173,48.227112285596206,12527378.2330819,528.933747619014,654.2075299498325,222.70894636590043,132233.4369047535,163551.88248745812,229.77285459578565,20.989038226659503
Oslo,2028,SA-QUBO,5,41405,0.5,259758,259322.42095949536,435.57904043091366,54.50839427636878,14158991.480441002,597.8240847297312,739.4139995341412,251.71540409672892,149456.0211824328,184853.49988353532,259.69934252220395,20.989038226659503
Oslo,2028,Fixed-Time,6,41406,,255335,254938.8063744883,396.19362538690666,61.57781857195054,15722972.30506899,663.8588306584693,821.0885537091584,279.51950764567096,165964.7076646173,205272.1384272896,293.38084912217016,20.989038226659503
Oslo,2028,Local-Greedy,6,41406,,255335,254965.47243154433,369.52756837491813,47.919515200039655,12235529.413602125,516.6112419076445,638.9665360436666,217.52052290848223,129152.81047691112,159741.63401091663,228.30734158735325,20.989038226659503
Oslo,2028,SA-QUBO,6,41406,0.5,255335,254917.4269812643,417.5730186557285,57.233977139187466,14613837.552834433,617.0286966752305,763.1670722035759,259.80155649483436,154257.17416880763,190791.76805089397,272.6850869540605,20.989038226659503
Oslo,2028,Fixed-Time,7,41407,,257114,256738.49333431735,375.506665562048,61.6946974548312,15862570.441401469,669.7529741925056,828.3786786065211,282.00125229158164,167438.2435481264,207094.66965163028,293.9377059043557,20.989038226659503
Oslo,2028,Local-Greedy,7,41407,,257114,256755.37175177963,358.6282481340471,48.14884608165588,12379742.411438871,522.7002351496423,646.49765926403,220.08430953669105,130675.05878741057,161624.41481600748,229.39996374154484,20.989038226659503
Oslo,2028,SA-QUBO,7,41407,0.5,257114,256714.01492457243,399.9850753519295,61.49262806688529,15810615.572789144,667.5593241844333,825.6654799123219,281.0776101829181,166889.83104610833,206416.36997808047,292.9749681849625,20.989038226659503
Oslo,2028,Fixed-Time,8,41408,,260448,260011.54866049977,436.4513393766987,63.99601130080193,16667633.151271261,703.7445108314541,870.4208423441659,296.3134782448224,175936.12770786355,217605.21058604147,304.9020665440333,20.989038226659503
Oslo,2028,Local-Greedy,8,41408,,260448,260033.47701866744,414.5229812501026,48.064204274174315,12518225.874800151,528.5473147137832,653.7295734617857,222.54623777422492,132136.8286784458,163432.39336544642,228.99669701456318,20.989038226659503
Oslo,2028,SA-QUBO,8,41408,0.5,260448,259989.94119299538,458.05880693010863,54.96048454386773,14314348.278481262,604.3835939803186,747.5270767651326,254.47730272855577,151095.89849507963,186881.76919128315,261.85327765070696,20.989038226659503
Oslo,2028,Fixed-Time,9,41409,,254060,253642.2249073247,417.775092558835,62.026426554391136,15758433.930408612,665.3560992839194,822.9404385880052,280.14993654059754,166339.02482097986,205735.1096470013,295.5181932805642,20.989038226659503
Oslo,2028,Local-Greedy,9,41409,,254060,253667.5038100454,392.4961898670442,48.11267908457493,12223507.248227106,516.1036393695884,638.33871185186,217.30679552403745,129025.90984239712,159584.677962965,229.227650000008,20.989038226659503
Oslo,2028,SA-QUBO,9,41409,0.5,254060,253617.888612723,442.1113872016143,60.00826341308103,15245699.402727367,643.7073081151551,796.1643021424292,271.0346560484865,160926.82702878877,199041.0755356073,285.9028735145222,20.989038226659503
Oslo,2029,Fixed-Time,0,41400,,262996,262592.2930606636,403.7069392197469,62.56167958042719,16453471.48293403,694.7021292794379,859.2368441087772,292.506159696605,173675.53231985949,214809.21102719428,298.0683483675,20.989038226659503
Oslo,2029,Local-Greedy,0,41400,,262996,262620.7229697855,375.27703012601927,48.23865359676063,12686572.941333659,535.6553019674211,662.5210313807578,225.5390745125984,133913.82549185527,165630.25784518945,229.82784192316956,20.989038226659503
Oslo,2029,SA-QUBO,0,41400,0.8,262996,262572.16876286495,423.83123709407243,55.19838801294246,14516955.253851814,612.9381107181877,758.1076632567058,258.07920451292114,153234.5276795469,189526.91581417643,262.9867429696302,20.989038226659503
Oslo,2029,Fixed-Time,1,41401,,263535,263121.32930338546,413.6706964949001,65.06047695031,17145712.793099947,723.9300957086654,895.3872236396638,304.8126718773324,180982.52392716633,223846.80590991594,309.97359787392537,20.989038226659503
Oslo,2029,Local-Greedy,1,41401,,263535,263159.69941374986,375.3005861712993,48.240414675355815,12713037.681469895,536.7727021065058,663.9030789212056,226.00955878168702,134193.17552662644,165975.7697303014,229.83623239145197,20.989038226659503
Oslo,2029,SA-QUBO,1,41401,0.8,263535,263086.8190303754,448.180969592362,55.95894152450193,14747139.654659616,622.657007641184,770.1284041877799,262.17137163839317,155664.251910296,192532.10104694497,266.6103178249728,20.989038226659503
Oslo,2029,Fixed-Time,2,41402,,264402,263958.92188275716,443.07811712646395,61.530834739161754,16268875.766703846,686.9080879274961,849.5968455945341,289.224458074735,171727.02198187404,212399.21139863352,293.1569997381183,20.989038226659503
Oslo,2029,Local-Greedy,2,41402,,264402,263984.75127710286,417.2487228136964,48.40946130506828,12799558.387982663,540.4257986037121,668.4213824835391,227.54770467524733,135106.44965092803,167105.34562088476,230.64163675484835,20.989038226659503
Oslo,2029,SA-QUBO,2,41402,0.8,264402,263947.848918012,454.1510819418215,55.327243864771816,14628633.932333399,617.6534326985221,763.9397720218552,260.06460324148264,154413.35817463053,190984.9430054638,263.60066272354106,20.989038226659503
Oslo,2029,Fixed-Time,3,41403,,263943,263512.7275809117,430.2724189711797,80.63822450962243,21283894.891743273,898.6533398736024,1111.4922887910377,378.3803536309915,224663.3349684006,277873.0721977594,384.1920894078831,20.989038226659503
Oslo,2029,Local-Greedy,3,41403,,263943,263525.7060612105,417.2939387116554,48.306475353469175,12750156.024220714,538.3399210226513,665.8414812648596,226.66944043059047,134584.98025566284,166460.3703162149,230.15097133946838,20.989038226659503
Oslo,2029,SA-QUBO,3,41403,0.8,263943,263484.46484123106,458.53515871790285,77.89228263189658,20559122.754710678,868.0518496433398,1073.6430771904465,365.49551563930095,217012.96241083494,268410.7692976116,371.10934665391517,20.989038226659503
Oslo,2029,Fixed-Time,4,41404,,263370,262954.2442126919,415.75578719012145,73.88847523590991,19460007.722881593,821.6447705216696,1016.2448477504831,345.9556928512283,205411.19263041738,254061.21193762077,352.03363983614787,20.989038226659503
Oslo,2029,Local-Greedy,4,41404,,263370,262988.72405588214,381.2759440388975,48.51532604238142,12777481.419781994,539.4936599463513,667.2684741441708,227.15522524056877,134873.41498658783,166817.1185360427,231.1460178330565,20.989038226659503
Oslo,2029,SA-QUBO,4,41404,0.8,263370,262936.90394385695,433.09605609994827,67.11778845959275,17676811.94660294,746.3542821899032,923.1224016559313,314.25443460627446,186588.5705474758,230780.60041398281,319.7754358003036,20.989038226659503
Oslo,2029,Fixed-Time,5,41405,,265098,264683.27635291073,414.72364697494623,57.54299428059237,15254532.697796475,644.0802694625198,796.6255964404825,271.19169240527066,161020.06736562995,199156.3991101206,274.157365664823,20.989038226659503
Oslo,2029,Local-Greedy,5,41405,,265098,264696.3507109204,401.6492890059875,48.24597764264645,12789912.181110289,540.0185143135454,667.9176361246484,227.3762165530718,135004.62857838636,166979.4090311621,229.8627365467665,20.989038226659503
Oslo,2029,SA-QUBO,5,41405,0.8,265098,264647.69225996704,450.3077400004423,55.46120421813182,14702654.31581831,620.7787377789942,767.8052809371784,261.3805211701033,155194.68444474856,191951.3202342946,264.23890232229434,20.989038226659503
Oslo,2029,Fixed-Time,6,41406,,260451,260022.23290019747,428.76709967867055,66.86485483420975,17415018.306424763,735.3007729379361,909.450956002182,309.6003254475513,183825.19323448403,227362.7390005455,318.57036092907043,20.989038226659503
Oslo,2029,Local-Greedy,6,41406,,260451,260047.47660922032,403.5233906945034,48.06029475618092,12517351.829542078,528.5104105806669,653.6839288760863,222.53069919185918,132127.6026451667,163420.98221902156,228.97807053939476,20.989038226659503
Oslo,2029,SA-QUBO,6,41406,0.8,260451,259991.40779956634,459.5922003910033,55.57644380327764,14474940.365007466,611.164148744759,755.9135523948344,257.3322731556883,152791.03718618976,188978.3880987086,264.7879488479205,20.989038226659503
Oslo,2029,Fixed-Time,7,41407,,262489,262057.94234190826,431.05765796691185,61.71282069533326,16198936.591497332,683.9551005298879,845.9444664448607,287.9810949599526,170988.77513247196,211486.11661121517,294.0240521213969,20.989038226659503
Oslo,2029,Local-Greedy,7,41407,,262489,262081.62595314634,407.3740467786742,48.29359425004392,12676537.261099778,535.2315732464361,661.9969458574328,225.3606624195516,133807.89331160905,165499.2364643582,230.08960071692647,20.989038226659503
Oslo,2029,SA-QUBO,7,41407,0.8,262489,262028.76720785265,460.23279210321,61.231567158800566,16072612.8319464,678.6214306821812,839.3475590016454,285.7353392346027,169655.3576705453,209836.88975041136,291.731171755295,20.989038226659503
Oslo,2029,Fixed-Time,8,41408,,265654,265243.96914658963,410.03085329574,68.78737983954007,18273642.603893176,771.5537988310444,954.290224869977,324.86475740254537,192888.44970776112,238572.55621749425,327.730023151651,20.989038226659503
Oslo,2029,Local-Greedy,8,41408,,265654,265276.77952569973,377.2204742220322,48.31547880118613,12835200.2054503,541.9306753412341,670.2826773957379,228.18133698578313,135482.66883530852,167570.66934893446,230.19386729124918,20.989038226659503
Oslo,2029,SA-QUBO,8,41408,0.8,265654,265229.9591331631,424.04086679857096,55.24490391167707,14676029.703752661,619.6545874917801,766.4148845293056,260.90719473338066,154913.64687294504,191603.7211323264,263.2083629325475,20.989038226659503
Oslo,2029,Fixed-Time,9,41409,,259400,258974.4897820708,425.51021781156874,62.94442502030303,16327783.850266606,689.3953181223671,852.6731566250338,290.27171289362855,172348.82953059179,213168.28915625846,299.89189757324533,20.989038226659503
Oslo,2029,Local-Greedy,9,41409,,259400,259003.9426880499,396.05731186820026,48.25315853560139,12516869.324135002,528.4900381301446,653.6587313714945,222.5221213179556,132122.50953253615,163414.68284287362,229.8969491337245,20.989038226659503
Oslo,2029,SA-QUBO,9,41409,0.8,259400,258957.21127203942,442.7887279079149,56.554927352299416,14670348.155186469,619.4146998856515,766.1181814375155,260.80618942553724,154853.6749714129,191529.54535937888,269.44982776993294,20.989038226659503
Oslo,2030,Fixed-Time,0,41400,,268219,267774.53009078925,444.4699091075348,66.39113799942888,17807364.643068813,751.8665071517947,929.9401535824825,316.57537143233446,187966.62678794868,232485.03839562062,316.3133883624133,20.989038226659503
Oslo,2030,Local-Greedy,0,41400,,268219,267794.1278865563,424.87211336984,48.295005352002306,12953638.040508706,546.931383932589,676.467764337677,230.28689849793255,136732.84598314724,169116.94108441923,230.0963237594173,20.989038226659503
Oslo,2030,SA-QUBO,0,41400,1,268219,267750.39317747357,468.6068225060982,55.90890067431948,14995829.429965297,633.1572425985345,783.1155368981878,266.59252319938304,158289.3106496336,195778.88422454696,266.3719036125536,20.989038226659503
Oslo,2030,Fixed-Time,1,41401,,268965,268533.5348878904,431.4651120066416,66.96965697511357,18012493.788311422,760.527515506481,940.6524533895964,320.22211179220307,190131.87887662026,235163.1133473991,319.0696793817412,20.989038226659503
Oslo,2030,Local-Greedy,1,41401,,268965,268557.2807326375,407.719267287316,48.521332860433404,13050540.29280647,551.02281236294,681.5282152910046,232.00960520544837,137755.703090735,170382.05382275116,231.1746366672647,20.989038226659503
Oslo,2030,SA-QUBO,1,41401,1,268965,268488.8762221821,476.1237778019743,55.94569326375601,15047433.388686135,635.3360764111928,785.8104102980539,267.5099269099758,158834.01910279822,196452.60257451347,266.54719792113127,20.989038226659503
Oslo,2030,Fixed-Time,2,41402,,270002,269577.34098597046,424.6590139264285,67.03377163190436,18099252.40815744,764.1906572333145,945.1831813148887,321.7644872561323,191047.66430832862,236295.79532872216,319.3751467218757,20.989038226659503
Oslo,2030,Local-Greedy,2,41402,,270002,269598.0621362078,403.93786372532537,48.51748795896606,13099818.783896754,553.1034597645292,684.1016476034971,232.88566726927561,138275.8649411323,171025.4119008743,231.1563180505381,20.989038226659503
Oslo,2030,SA-QUBO,2,41402,1,270002,269549.976731804,452.0232681830938,55.86870602047242,15084662.362939596,636.9079664352276,787.7545900646234,268.17177534114836,159226.99160880691,196938.64751615585,266.18040053645746,20.989038226659503
Oslo,2030,Fixed-Time,3,41403,,268921,268485.90923918,435.0907607113551,85.17630775456338,22905697.85766494,967.1294651014059,1196.186443678058,407.2124063584878,241782.36627535147,299046.6109195145,405.8132956581859,20.989038226659503
Oslo,2030,Local-Greedy,3,41403,,268921,268506.7928488799,414.2071510487632,48.517763704448804,13047445.533164077,550.8921447335935,681.3666000652352,231.95458725625028,137723.03618339836,170341.6500163088,231.15763181003373,20.989038226659503
Oslo,2030,SA-QUBO,3,41403,1,268921,268456.7650654413,464.2349345378062,56.07901208805892,15080824.009732893,636.7459026331661,787.5541427304954,268.103537950807,159186.4756582915,196888.53568262386,267.1823810241549,20.989038226659503
Oslo,2030,Fixed-Time,4,41404,,268445,268021.21402293583,423.78597695386367,77.55763679148424,20819959.808489986,879.0649696917998,1087.264567776699,370.13261881759973,219766.24242294993,271816.1419441748,369.5149627817314,20.989038226659503
Oslo,2030,Local-Greedy,4,41404,,268445,268058.17737443844,386.8226254882301,48.641730467609726,13057629.335377492,551.3221274937164,681.8984208474913,232.1356326289332,137830.5318734291,170474.6052118728,231.7482580303598,20.989038226659503
Oslo,2030,SA-QUBO,4,41404,1,268445,268001.8724905929,443.12750939309575,55.996758037258026,15032049.711311731,634.6865433664952,785.0070404796127,267.2364393122086,158671.63584162382,196251.76011990316,266.79049050533916,20.989038226659503
Oslo,2030,Fixed-Time,5,41405,,270375,269959.9000333584,415.0999665403861,59.34165429014374,16044499.778697614,677.4344351005653,837.8794328875421,285.23555162129094,169358.60877514133,209469.85822188552,282.72688652674975,20.989038226659503
Oslo,2030,Local-Greedy,5,41405,,270375,269991.9751819982,383.02481792900915,48.41916534995868,13091331.831495078,552.7451217742373,683.6584400891874,232.73478811546806,138186.2804435593,170914.61002229684,230.68787062600342,20.989038226659503
Oslo,2030,SA-QUBO,5,41405,1,270375,269938.4770511269,436.52294885846163,55.70924225381214,15062386.374374459,635.96742469581,786.5912884395551,267.775757766657,158991.8561739525,196647.82210988877,265.42065268646905,20.989038226659503
Oslo,2030,Fixed-Time,6,41406,,265459,265045.27956461214,413.7204352726599,68.67363990975605,18230035.77680393,769.7126216872765,952.0129794553163,324.08952492095875,192428.15542181913,238003.24486382908,327.1881215716179,20.989038226659503
Oslo,2030,Local-Greedy,6,41406,,265459,265068.96687307925,390.03312684708,48.18448813017321,12791006.03454765,540.0646992364567,667.9747595819327,227.39566283640266,135016.17480911416,166993.6898954832,229.56977642249012,20.989038226659503
Oslo,2030,SA-QUBO,6,41406,1,265459,265000.67604155093,458.3239584349044,56.06749693908539,14883621.669952668,628.4195816202225,777.2557983197505,264.59771857693636,157104.89540505563,194313.94957993762,267.1275183436968,20.989038226659503
Oslo,2030,Fixed-Time,7,41407,,267242,266827.3693082595,414.63069163320495,66.15898243658923,17680458.78431898,746.5082597823534,923.3128476255466,314.31926727678183,186627.06494558835,230828.21190638666,315.20730832038095,20.989038226659503
Oslo,2030,Local-Greedy,7,41407,,267242,266853.67664751544,388.3233524075978,48.48271237643767,12956617.020903956,547.0571631048325,676.6233333138733,230.33985814940368,136764.29077620813,169155.83332846835,230.99063355297872,20.989038226659503
Oslo,2030,SA-QUBO,7,41407,1,267242,266794.0904581783,447.9095418066878,56.14722348812728,15004896.299414111,633.5400659752634,783.5890289694036,266.7537119895842,158385.01649381584,195897.2572423509,267.5073668540521,20.989038226659503
Oslo,2030,Fixed-Time,8,41408,,271091,270650.77199418057,440.2280057204011,69.540016860558,18851672.71074553,795.9595144536994,984.4762415611553,335.14084819103164,198989.87861342484,246119.06039028883,331.31588074498256,20.989038226659503
Oslo,2030,Local-Greedy,8,41408,,271091,270689.3386515383,401.66134839166136,48.56662401111335,13165974.66979673,555.8967082803066,687.5564549782736,234.06177190749742,138974.17707007664,171889.1137445684,231.39042145068763,20.989038226659503
Oslo,2030,SA-QUBO,8,41408,1,271091,270626.73648551,464.26351447621926,55.90546152556623,15155467.470427275,639.8975154180393,791.4521901223131,269.43053280759597,159974.37885450985,197863.04753057827,266.3555181606996,20.989038226659503
Oslo,2030,Fixed-Time,9,41409,,264250,263851.4533743243,398.5466255610042,65.82139589400438,17393303.86499066,734.3839409662737,908.3169796161789,309.21429093316726,183595.9852415684,227079.24490404472,313.5989137911068,20.989038226659503
Oslo,2030,Local-Greedy,9,41409,,264250,263863.6654519003,386.3345480264887,48.46641672112854,12807250.618558217,540.7505816724583,668.8230878580401,227.68445544103497,135187.64541811458,167205.77196451003,230.91299466770363,20.989038226659503
Oslo,2030,SA-QUBO,9,41409,1,264250,263799.7055564537,450.29444352974565,56.19626286387255,14849862.46177832,626.9941928306398,775.4928174484234,263.997554876059,156748.54820765994,193873.20436210584,267.7410096499521,20.989038226659503
